date,ticker,actual_return_5d,predicted_return_5d
2025-02-12,AAPL,0.05266097968107819,0.016374083
2025-02-12,AMZN,-0.026336096273809617,-0.012825302
2025-02-12,GOOGL,-0.00026990506393553826,-0.0032188222
2025-02-12,MSFT,0.008093513031067756,-3.6770423e-06
2025-02-12,SPY,0.012588517500638385,0.0023895323
2025-02-13,AAPL,0.03782659687859202,0.020415405
2025-02-13,AMZN,-0.02642723970876515,0.00869654
2025-02-13,GOOGL,0.005174119129128574,0.01374103
2025-02-13,MSFT,0.019373285273558194,0.0049794707
2025-02-13,SPY,0.011634868841753354,0.013949859
2025-02-14,AAPL,0.016643947789700686,0.013949859
2025-02-14,AMZN,-0.05986019698059175,-0.0003733886
2025-02-14,GOOGL,-0.03481237049858332,0.0021508322
2025-02-14,MSFT,-0.0036817238904149896,0.0022302351
2025-02-14,SPY,-0.016056028766597508,0.0037602473
2025-02-18,AAPL,0.010220741606637107,0.0045903176
2025-02-18,AMZN,-0.06983551894964435,-0.0010474545
2025-02-18,GOOGL,-0.03228403144179326,-0.0011846547
2025-02-18,MSFT,-0.008863021346191546,0.0052264463
2025-02-18,SPY,-0.02048560515432496,0.005435276
2025-02-19,AAPL,0.010512480685953562,0.0046295635
2025-02-19,AMZN,-0.0611073956218684,0.004391455
2025-02-19,GOOGL,-0.04543729840951127,0.010624568
2025-02-19,MSFT,-0.026711792520176414,0.013132921
2025-02-19,SPY,-0.02820978757304171,0.0050260304
2025-02-20,AAPL,-0.018417843199017847,0.0074128397
2025-02-20,AMZN,-0.05418522929321157,-0.010257724
2025-02-20,GOOGL,-0.06768498269483691,0.004194109
2025-02-20,MSFT,-0.03432857533613043,0.007933595
2025-02-20,SPY,-0.030003594573075665,0.003962305
2025-02-21,AAPL,-0.03469873366147014,0.0033216993
2025-02-21,AMZN,-0.06344220692692049,-0.015972292
2025-02-21,GOOGL,-0.08701774372807869,-0.010743079
2025-02-21,MSFT,-0.05671312530798933,-0.009914317
2025-02-21,SPY,-0.04149879461655415,-0.009383145
2025-02-24,AAPL,-0.015109050337032692,0.0087512275
2025-02-24,AMZN,-0.019854109407165144,-0.009649617
2025-02-24,GOOGL,-0.05220984852753585,0.0035671105
2025-02-24,MSFT,-0.027485916219730178,-0.00184359
2025-02-24,SPY,-0.009601021195011716,0.002923396
2025-02-25,AAPL,-0.03670586115520702,0.0039366474
2025-02-25,AMZN,-0.03615251844616152,0.0047537163
2025-02-25,GOOGL,-0.06828463680814312,-0.010522424
2025-02-25,MSFT,-0.038391062955988375,-0.010023435
2025-02-25,SPY,-0.022504583161989,0.0033612596
2025-02-26,AAPL,-0.04497254093131697,-0.014657726
2025-02-26,AMZN,-0.042293232476180886,0.009421828
2025-02-26,GOOGL,-0.02565257875403215,-0.009824571
2025-02-26,MSFT,-0.02334757376119012,0.0077206595
2025-02-26,SPY,-0.029247440022381554,0.0035514184
2025-02-27,AAPL,-0.019221206625959053,-0.0029440336
2025-02-27,AMZN,-0.027944974679736112,-0.010231196
2025-02-27,GOOGL,0.0016789486462118752,-0.010231196
2025-02-27,MSFT,0.0032271081401178403,-0.009649617
2025-02-27,SPY,-0.01930899964863697,-0.009415326
2025-02-28,AAPL,-0.008301748706686873,0.020254726
2025-02-28,AMZN,-0.03851685509889069,0.015343157
2025-02-28,GOOGL,0.022848611043091882,0.01374103
2025-02-28,MSFT,0.011107461234939109,0.01374103
2025-02-28,SPY,-0.021092157261596634,0.014515693
2025-03-03,AAPL,-0.011453729783315825,-0.009148854
2025-03-03,AMZN,-0.06138118925110714,-0.019638743
2025-03-03,GOOGL,0.021024124250043963,-0.009402434
2025-03-03,MSFT,-0.009269642096797592,-0.009914317
2025-03-03,SPY,-0.030731608239227937,-0.009649617
2025-03-04,AAPL,-0.04432213757188308,-0.0021832504
2025-03-04,AMZN,-0.05111701671999136,0.0001780582
2025-03-04,GOOGL,-0.005682065006504811,0.02056238
2025-03-04,MSFT,-0.02144197602082376,0.0022493727
2025-03-04,SPY,-0.039724668533063556,-0.0029955048
2025-03-05,AAPL,-0.06395960900572162,0.0045903176
2025-03-05,AMZN,-0.035377853807176174,0.021749321
2025-03-05,GOOGL,-0.03914751322576582,0.013331785
2025-03-05,MSFT,-0.020997843442865594,0.022594798
2025-03-05,SPY,-0.036299827177502575,0.01374103
2025-03-06,AAPL,-0.07957910287397385,0.0027867802
2025-03-06,AMZN,-0.04545018810214274,-0.02429719
2025-03-06,GOOGL,-0.0330454788561223,-0.0011159873
2025-03-06,MSFT,-0.044262086205036244,-0.0056052385
2025-03-06,SPY,-0.041488009609816245,-0.013830735
2025-03-07,AAPL,-0.1089959321010423,0.013936865
2025-03-07,AMZN,-0.03393122900918588,0.0005677026
2025-03-07,GOOGL,-0.05455491240998056,0.010016459
2025-03-07,MSFT,-0.045654916752927543,-0.0030382965
2025-03-07,SPY,-0.03717411513326763,0.008088437
2025-03-10,AAPL,-0.10699802907966416,-0.02884228
2025-03-10,AMZN,-0.0065244820665385506,-0.011778652
2025-03-10,GOOGL,-0.0470459159529113,-0.027568655
2025-03-10,MSFT,-0.01207709349908026,-0.023819856
2025-03-10,SPY,-0.022763486237543207,-0.014924199
2025-03-11,AAPL,-0.05925783996793421,-0.02035283
2025-03-11,AMZN,0.006168460205846937,0.0117579615
2025-03-11,GOOGL,-0.009525672689614018,-0.0019969083
2025-03-11,MSFT,0.022464269017713923,0.0028532317
2025-03-11,SPY,0.0117199971517008,-0.002592497
2025-03-12,AAPL,-0.036904461151014534,-0.010257724
2025-03-12,AMZN,-0.019176911765094062,0.014273166
2025-03-12,GOOGL,-0.020543790958086894,0.018093158
2025-03-12,MSFT,0.008069333882429586,0.01173553
2025-03-12,SPY,0.009173872414708129,0.009044555
2025-03-13,AAPL,-0.008019204316004336,-0.020246852
2025-03-13,AMZN,-0.01684351206091861,-0.01135119
2025-03-13,GOOGL,-0.019268908601564827,-0.01135119
2025-03-13,MSFT,0.011871535388299215,-0.00152776
2025-03-13,SPY,0.014779939360648697,-0.0064841677
2025-03-14,AAPL,0.02107986457047306,0.018093158
2025-03-14,AMZN,0.005467004806490872,0.022498019
2025-03-14,GOOGL,0.0002455890687733664,0.015343157
2025-03-14,MSFT,0.02130576000234341,0.02138706
2025-03-14,SPY,0.025515964153832504,0.022498019
2025-03-17,AAPL,0.02238987630224032,0.0052264463
2025-03-17,AMZN,-0.008790049311442671,-0.00152776
2025-03-17,GOOGL,-0.0090640074122188,-0.00045068556
2025-03-17,MSFT,0.006948919012979893,0.0030164986
2025-03-17,SPY,0.005093387596912802,0.01004574
2025-03-18,AAPL,0.03144852166264789,0.0017110051
2025-03-18,AMZN,0.03841825279776301,-0.0064795744
2025-03-18,GOOGL,0.02063432350756278,-0.009072957
2025-03-18,MSFT,0.011268282565475296,-0.0070922747
2025-03-18,SPY,0.015263936902172093,-0.0029955048
2025-03-19,AAPL,0.052000549747135194,0.012538291
2025-03-19,AMZN,0.0668499061301997,0.01374103
2025-03-19,GOOGL,0.06155466471886206,0.021054035
2025-03-19,MSFT,0.030350549428473927,0.013492352
2025-03-19,SPY,0.028824596197936092,0.013162202
2025-03-20,AAPL,0.029223087423109417,0.0005156106
2025-03-20,AMZN,0.02858756156598541,-0.0012923833
2025-03-20,GOOGL,0.0071388834695014225,-0.0038085666
2025-03-20,MSFT,0.005543820898468388,0.002457023
2025-03-20,SPY,0.005590304155455694,0.0022806271
2025-03-21,AAPL,0.045539476832749504,0.017685052
2025-03-21,AMZN,0.03288024499847131,0.006960783
2025-03-21,GOOGL,-0.0034396613754541505,0.008410743
2025-03-21,MSFT,0.009667969224570028,0.011527204
2025-03-21,SPY,0.00582816438565481,0.004391455
2025-03-24,AAPL,-0.0016952827992943176,0.014851992
2025-03-24,AMZN,-0.017787092267182447,0.025135906
2025-03-24,GOOGL,-0.05890588672085706,0.022498019
2025-03-24,MSFT,-0.031845935217226784,0.00883164
2025-03-24,SPY,-0.014752336686549516,0.017547999
2025-03-25,AAPL,0.006342624117273266,0.01374103
2025-03-25,AMZN,-0.06395749459475053,0.01374103
2025-03-25,GOOGL,-0.07776708551074585,0.016454097
2025-03-25,MSFT,-0.04500358723166609,0.007933595
2025-03-25,SPY,-0.025588691601178493,0.004647618
2025-03-26,AAPL,-0.002502875146690564,-0.0021832504
2025-03-26,AMZN,-0.06582085510188795,-0.010344804
2025-03-26,GOOGL,-0.07909233692744999,-0.0219798
2025-03-26,MSFT,-0.032822107778892495,-0.0023359244
2025-03-26,SPY,-0.025180026346788065,-0.0021209226
2025-03-27,AAPL,0.010653291601051551,0.01374103
2025-03-27,AMZN,-0.025456223595080707,0.0036246073
2025-03-27,GOOGL,-0.04858831674627051,-0.009676962
2025-03-27,MSFT,-0.020078479246874892,0.004420735
2025-03-27,SPY,-0.007158089071716889,0.0024794901
2025-03-28,AAPL,-0.09229403027443461,-0.013918766
2025-03-28,AMZN,-0.11397495470141739,-0.028228102
2025-03-28,GOOGL,-0.07100592889406643,-0.02846038
2025-03-28,MSFT,-0.044728281993189456,-0.016956227
2025-03-28,SPY,-0.05357246544799832,-0.010323563
2025-03-31,AAPL,-0.13547485925275105,0.019067788
2025-03-31,AMZN,-0.1127023717472343,-0.003095182
2025-03-31,GOOGL,-0.05656719419815304,0.005477976
2025-03-31,MSFT,-0.050052828791190995,-0.0030382965
2025-03-31,SPY,-0.0906668624125937,0.007332843
2025-04-01,AAPL,-0.18309101414657458,0.005729817
2025-04-01,AMZN,-0.07883948508923677,0.011533623
2025-04-01,GOOGL,-0.05102175779731766,0.014767221
2025-04-01,MSFT,-0.04669811251051026,0.016572943
2025-04-01,SPY,-0.09833928033415762,0.0046183383
2025-04-02,AAPL,-0.22747431790832595,0.0046183383
2025-04-02,AMZN,-0.1119321158962886,0.018314486
2025-04-02,GOOGL,-0.07875462127267074,0.00310901
2025-04-02,MSFT,-0.07229408797819958,0.0022493727
2025-04-02,SPY,-0.11496151120063325,0.006960783
2025-04-03,AAPL,-0.1118406589299793,-0.029119963
2025-04-03,AMZN,-0.025049683898384467,-0.029119963
2025-04-03,GOOGL,0.010634250164486492,-0.027846202
2025-04-03,MSFT,0.021850533210881373,-0.013650573
2025-04-03,SPY,-0.028165378983270317,-0.02884228
2025-04-04,AAPL,-0.06284760958846936,-0.029119963
2025-04-04,AMZN,0.01575022420780603,-0.02832939
2025-04-04,GOOGL,0.013933001198770611,-0.023437956
2025-04-04,MSFT,0.022084653958108103,-0.02429719
2025-04-04,SPY,-0.022582442712702377,-0.02884228
2025-04-07,AAPL,0.051863290585052235,-0.024574874
2025-04-07,AMZN,0.08111108255665189,0.019199174
2025-04-07,GOOGL,0.07925821861728743,0.008170619
2025-04-07,MSFT,0.07950762754569829,0.00038438968
2025-04-07,SPY,0.056721067571360084,0.002381916
2025-04-08,AAPL,0.11605864699109869,-0.023767387
2025-04-08,AMZN,0.03914185110900492,-0.009849296
2025-04-08,GOOGL,0.08395237895384766,-0.005112646
2025-04-08,MSFT,0.08369198892708196,-0.001671368
2025-04-08,SPY,0.06887666683089733,-0.008903441
2025-04-09,AAPL,0.17236978480300302,0.027232355
2025-04-09,AMZN,0.052326218704775274,0.02875256
2025-04-09,GOOGL,0.0802349478276061,0.028091991
2025-04-09,MSFT,0.087911959922236,0.026373906
2025-04-09,SPY,0.08284314898811584,0.026373906
2025-04-10,AAPL,-0.023032360296746934,-0.024997981
2025-04-10,AMZN,-0.08775512159521814,-0.026537817
2025-04-10,GOOGL,-0.03389824781906503,-0.024574874
2025-04-10,MSFT,-0.04834945660606427,-0.011895449
2025-04-10,SPY,-0.04185051199914436,-0.025994059
2025-04-11,AAPL,0.03445024443936329,0.022017585
2025-04-11,AMZN,-0.04751131526517138,0.020476107
2025-04-11,GOOGL,-0.010862440631978054,0.022657685
2025-04-11,MSFT,-0.035584128668873505,0.016572943
2025-04-11,SPY,0.0034884180532654963,0.015169359
2025-04-14,AAPL,-0.025183057874227366,0.020184318
2025-04-14,AMZN,-0.09493151001515399,-0.005112646
2025-04-14,GOOGL,-0.06026481446364118,0.013397927
2025-04-14,MSFT,-0.07550526294744742,0.0038335845
2025-04-14,SPY,-0.037569861576301045,0.011019505
2025-04-15,AAPL,-0.013727014532020076,0.0029233303
2025-04-15,AMZN,-0.049088527789898584,-0.006892221
2025-04-15,GOOGL,-0.04777787580514625,-0.009267717
2025-04-15,MSFT,-0.054124394586249513,0.0013901903
2025-04-15,SPY,-0.02201726144847871,0.0028887358
2025-04-16,AAPL,0.012169783183228144,-0.028228102
2025-04-16,AMZN,0.0056239756457519,-0.020147325
2025-04-16,GOOGL,-0.0061415694538200505,-0.0135371415
2025-04-16,MSFT,-0.029398800603653075,-0.02429719
2025-04-16,SPY,-0.004073683662760064,-0.014525925
2025-04-17,AAPL,0.0725792602709261,0.014273166
2025-04-17,AMZN,0.07003953035525678,-0.0008117303
2025-04-17,GOOGL,0.03880510814668536,-0.0045040557
2025-04-17,MSFT,0.04222167230068985,-0.0010855149
2025-04-17,SPY,0.04000683392433535,0.0032849447
2025-04-21,AAPL,0.06244288451653546,-0.010769363
2025-04-21,AMZN,0.09489603629507304,-0.01931127
2025-04-21,GOOGL,0.07144757551896097,-0.011396754
2025-04-21,MSFT,0.06544683608782842,-0.014365905
2025-04-21,SPY,0.04602881984931084,-0.01374237
2025-04-22,AAPL,0.08790643948633692,0.024090795
2025-04-22,AMZN,0.12180246672194306,0.024813233
2025-04-22,GOOGL,0.0876278284737606,0.023357656
2025-04-22,MSFT,0.08921813359494202,0.023357656
2025-04-22,SPY,0.0719429026914229,0.022498019
2025-04-23,AAPL,0.05742459784634146,0.020184318
2025-04-23,AMZN,0.08205339712925408,0.02368184
2025-04-23,GOOGL,0.0573712920509013,0.02122035
2025-04-23,MSFT,0.07420529373746154,0.02045079
2025-04-23,SPY,0.0513418027862278,0.013312955
2025-04-24,AAPL,0.03861204607653712,0.01698219
2025-04-24,AMZN,0.021151671851219023,0.024780562
2025-04-24,GOOGL,0.022207775275641772,0.022576846
2025-04-24,MSFT,0.055743946533619804,0.023920925
2025-04-24,SPY,0.03571042141295955,0.02138706
2025-04-25,AAPL,0.023755888483093734,0.005817066
2025-04-25,AMZN,0.01962047707643766,0.015437846
2025-04-25,GOOGL,0.01268211537688324,0.015475354
2025-04-25,MSFT,0.09837335577657313,0.013949859
2025-04-25,SPY,0.021547773789189595,0.010624568
2025-04-28,AAPL,-0.018778669745802445,0.007452065
2025-04-28,AMZN,0.00523832057569229,0.0019315339
2025-04-28,GOOGL,0.012780833243466683,-0.00071747915
2025-04-28,MSFT,0.11083306789985126,0.004769844
2025-04-28,SPY,0.02927504895735611,0.004420735
2025-04-29,AAPL,-0.05353574702141628,0.0076913796
2025-04-29,AMZN,-0.007192279524110834,0.0030598172
2025-04-29,GOOGL,0.022414737315850086,0.0050537465
2025-04-29,MSFT,0.11506799993066852,0.010833397
2025-04-29,SPY,0.022982589376455476,0.008088437
2025-04-30,AAPL,-0.060129716416249424,0.0068449583
2025-04-30,AMZN,-0.012700810558538,-0.009048474
2025-04-30,GOOGL,0.01916817657386094,-0.0021786592
2025-04-30,MSFT,0.09965992789676803,0.003221453
2025-04-30,SPY,0.00808197879069561,0.0024298984
2025-05-01,AAPL,-0.07647074505534779,0.005421998
2025-05-01,AMZN,0.023262165641016352,0.023624305
2025-05-01,GOOGL,-0.046725294945549445,0.01648626
2025-05-01,MSFT,0.09636698943270039,0.0265519
2025-05-01,SPY,0.011919823017482178,0.009628109
2025-05-02,AAPL,-0.07420777035695025,-0.02115165
2025-05-02,AMZN,0.009884358112393299,0.0065238792
2025-05-02,GOOGL,-0.043521358614023065,0.016662927
2025-05-02,MSFT,0.030018752211815602,0.022128023
2025-05-02,SPY,0.011800256765359673,0.01551341
2025-05-05,AAPL,-0.033211573836077535,-0.020966789
2025-05-05,AMZN,0.016212242869359184,-0.013447064
2025-05-05,GOOGL,-0.0687678288234932,0.0040214583
2025-05-05,MSFT,0.007925986834885546,0.0042483388
2025-05-05,SPY,-0.004269864990186778,0.00050973444
2025-05-06,AAPL,0.06122183692450678,0.0026235133
2025-05-06,AMZN,0.11961359031966401,-0.0029506488
2025-05-06,GOOGL,-0.0350162561779962,-0.00018420289
2025-05-06,MSFT,0.030011208082650453,-0.003810286
2025-05-06,SPY,0.03456912407926915,-0.0050924663
2025-05-07,AAPL,0.07404774717320661,-0.0013888003
2025-05-07,AMZN,0.14247879245992645,0.020802708
2025-05-07,GOOGL,-0.022667398277772866,-0.02427927
2025-05-07,MSFT,0.03653280940230963,0.0035514184
2025-05-07,SPY,0.05017878668289244,0.007452065
2025-05-08,AAPL,0.08335519210752884,0.010062606
2025-05-08,AMZN,0.11414335498802108,0.018037636
2025-05-08,GOOGL,0.09241631478389412,0.020157952
2025-05-08,MSFT,0.04520592962160341,0.013013593
2025-05-08,SPY,0.04711743732989904,0.009595676
2025-05-09,AAPL,0.07209118391888292,0.00816932
2025-05-09,AMZN,0.06814866833145916,0.009900105
2025-05-09,GOOGL,0.0627430624724552,-0.0013236143
2025-05-09,MSFT,0.036040532913210965,0.0046295635
2025-05-09,SPY,0.044950773854159465,0.0033216993
2025-05-12,AAPL,0.0655167973892854,0.028390298
2025-05-12,AMZN,0.06490209747098952,0.0278831
2025-05-12,GOOGL,0.08798687432535601,0.025135906
2025-05-12,MSFT,0.03732128277909208,0.022706851
2025-05-12,SPY,0.05291129008819473,0.024878452
2025-05-13,AAPL,-0.009535501016592618,0.01374103
2025-05-13,AMZN,-0.011886482624588024,0.013013593
2025-05-13,GOOGL,0.050990778874367315,0.00990253
2025-05-13,MSFT,0.023265781232497007,0.0046002846
2025-05-13,SPY,0.02034336933750258,0.009532533
2025-05-14,AAPL,-0.028507010748761052,0.0034780884
2025-05-14,AMZN,-0.034536537643015675,0.0017298528
2025-05-14,GOOGL,0.02789463660939595,0.024596034
2025-05-14,MSFT,0.02197784553905424,0.010424151
2025-05-14,SPY,0.010241326455438404,0.0046295635
2025-05-15,AAPL,-0.04822675717770719,0.0031846112
2025-05-15,AMZN,-0.04342451787306778,-0.012438237
2025-05-15,GOOGL,0.01929006969932323,-0.0017403837
2025-05-15,MSFT,0.0010175307865147865,0.0037186858
2025-05-15,SPY,-0.008049817627984845,0.0079002315
2025-05-16,AAPL,-0.04771808437934055,0.004420735
2025-05-16,AMZN,-0.010089155743546852,0.005621383
2025-05-16,GOOGL,0.04214437231405177,0.013013593
2025-05-16,MSFT,0.003817996155188963,0.0050260304
2025-05-16,SPY,-0.01248171359879291,0.009739299
2025-05-19,AAPL,-0.07568891168762104,-0.0032424422
2025-05-19,AMZN,-0.022374584983047563,0.0026567813
2025-05-19,GOOGL,0.013719156650208397,0.003221453
2025-05-19,MSFT,-0.009003449587684176,0.01334175
2025-05-19,SPY,-0.025395448456158043,0.0026387272
2025-05-20,AAPL,-0.041047985227066985,-0.00079592667
2025-05-20,AMZN,-0.0006790812338065555,-0.0017927629
2025-05-20,GOOGL,0.03818904932200606,-0.009148854
2025-05-20,MSFT,0.003966320531470613,0.004161736
2025-05-20,SPY,-0.006219978451336705,0.0039952486
2025-05-21,AAPL,-0.03113217875071772,-0.010969291
2025-05-21,AMZN,0.0031851515320999724,-0.010665265
2025-05-21,GOOGL,0.05110376306155984,0.021381065
2025-05-21,MSFT,-0.0017679863217895386,-0.0027290317
2025-05-21,SPY,-0.008636329041808333,-0.00999125
2025-05-22,AAPL,-0.0105894562628992,0.0042760577
2025-05-22,AMZN,0.022772483801951404,0.012577035
2025-05-22,GOOGL,0.019577522460678898,0.013013593
2025-05-22,MSFT,0.013500677222505919,0.006851336
2025-05-22,SPY,0.012335663070295988,0.0035514184
2025-05-23,AAPL,-0.0025328074056689687,-0.01997093
2025-05-23,AMZN,0.009404176986321122,-0.0030382965
2025-05-23,GOOGL,0.005091645311751769,-0.010398791
2025-05-23,MSFT,0.012091506560978127,-0.006097898
2025-05-23,SPY,0.010804706435821432,-0.0019366482
2025-05-27,AAPL,0.03292887585497151,0.023357656
2025-05-27,AMZN,0.02816054653778699,0.022498019
2025-05-27,GOOGL,0.0033242604443566304,0.023117837
2025-05-27,MSFT,0.02618950442318102,0.022706851
2025-05-27,SPY,0.023484318226294043,0.022498019
2025-05-28,AAPL,0.015283982749690894,0.0041445782
2025-05-28,AMZN,-0.0015046963992086937,0.0011178416
2025-05-28,GOOGL,-0.038866385137664716,0.003155209
2025-05-28,MSFT,0.0049490974586055,-0.00063460204
2025-05-28,SPY,0.008356484423767796,0.0011178416
2025-05-29,AAPL,0.011974862351814552,0.0035671105
2025-05-29,AMZN,0.01226062178521592,0.0073632207
2025-05-29,GOOGL,-0.025005879982229362,0.0036670933
2025-05-29,MSFT,0.014233845504439513,0.0057585808
2025-05-29,SPY,0.013952110034701759,0.0085630445
2025-05-30,AAPL,0.0034009168849225,0.0074227853
2025-05-30,AMZN,0.010743834451408807,0.0039952486
2025-05-30,GOOGL,-0.02123808223957835,0.004391455
2025-05-30,MSFT,0.019621452056126865,0.0055875788
2025-05-30,SPY,0.005084309110888974,0.0043605985
2025-06-02,AAPL,0.015284976367589964,0.007621648
2025-06-02,AMZN,0.04175412441707804,0.010624568
2025-06-02,GOOGL,0.011296066234857127,-0.010450899
2025-06-02,MSFT,0.021765674028269233,0.004987728
2025-06-02,SPY,0.01654234651052433,0.008287297
2025-06-03,AAPL,-0.0012394496645846687,0.010624568
2025-06-03,AMZN,0.049987912587257544,0.002923396
2025-06-03,GOOGL,0.0430286954652197,-0.01255883
2025-06-03,MSFT,0.023334924326183337,0.0048564468
2025-06-03,SPY,0.011759429337014904,0.008905371
2025-06-04,AAPL,-0.002951778961064022,0.0026459806
2025-06-04,AMZN,0.057848395839278366,0.01004574
2025-06-04,GOOGL,0.07603943738999508,0.01374103
2025-06-04,MSFT,0.017171786635358677,0.003987131
2025-06-04,SPY,0.011726600351225969,0.0037602473
2025-06-05,AAPL,-0.01991914321043886,-0.002387396
2025-06-05,AMZN,0.028808576672232133,0.0042901793
2025-06-05,GOOGL,0.056618198828541244,0.004063296
2025-06-05,MSFT,0.018863113593810654,0.010254568
2025-06-05,SPY,0.00911182858283599,0.0026857515
2025-06-06,AAPL,-0.007127569477868301,0.015738055
2025-06-06,AMZN,0.025636100895447544,0.023117837
2025-06-06,GOOGL,0.04579202363459278,0.024878452
2025-06-06,MSFT,0.023926597423395757,0.0074572014
2025-06-06,SPY,0.018042372759301983,0.014481994
2025-06-09,AAPL,-0.03663199402217554,-0.002387396
2025-06-09,AMZN,-0.006882994663532149,0.015323601
2025-06-09,GOOGL,0.006917668105421493,0.01551341
2025-06-09,MSFT,0.009736730861892973,0.008508333
2025-06-09,SPY,-0.0035718576541998726,0.0040999036
2025-06-10,AAPL,-0.015040954880940816,0.0075095883
2025-06-10,AMZN,-0.004055625593838097,0.005435276
2025-06-10,GOOGL,0.0038616869866239245,0.013733293
2025-06-10,MSFT,0.013516639460261048,0.0034164244
2025-06-10,SPY,0.0050027655526601045,0.008905371
2025-06-11,AAPL,-0.03468692182411415,-0.009914317
2025-06-11,AMZN,-0.012821071082705138,-0.009647845
2025-06-11,GOOGL,-0.014837764165246292,-0.00012271859
2025-06-11,MSFT,0.015119316457099963,0.0044705635
2025-06-11,SPY,-0.00920290039508298,0.003155209
2025-06-12,AAPL,-0.011067610560984376,0.0052264463
2025-06-12,AMZN,-0.003189459125303773,0.004391455
2025-06-12,GOOGL,-0.02272327624781445,-0.0017927629
2025-06-12,MSFT,0.016122854258022956,0.014280007
2025-06-12,SPY,-0.006518639129228565,0.007830477
2025-06-13,AAPL,0.009036266989327135,-0.0064841677
2025-06-13,AMZN,-0.016647922342468813,8.81459e-05
2025-06-13,GOOGL,-0.05156516084114515,-0.0007475952
2025-06-13,MSFT,-0.0030697103094590172,-0.002524886
2025-06-13,SPY,-0.012775307319142448,-0.0027290317
2025-06-16,AAPL,0.025706289804983573,0.01374103
2025-06-16,AMZN,-0.017114591128492895,0.019892463
2025-06-16,GOOGL,-0.05427377720307591,0.01374103
2025-06-16,MSFT,0.023244125918651326,0.010833397
2025-06-16,SPY,0.008248370931189797,0.010644817
2025-06-17,AAPL,0.009474768311955817,-0.0070922747
2025-06-17,AMZN,-0.015409540661741494,0.00050973444
2025-06-17,GOOGL,-0.05657062197169571,0.003047414
2025-06-17,MSFT,0.022895093074012163,0.004161736
2025-06-17,SPY,0.009779290218902004,-0.002524886
2025-06-18,AAPL,0.03025957942581181,0.0077206595
2025-06-18,AMZN,-0.013173828016789457,-0.0019167793
2025-06-18,GOOGL,-0.02995175703587083,-0.006217695
2025-06-18,MSFT,0.029767341476212295,0.008508333
2025-06-18,SPY,0.01905313853536894,0.0035514184
2025-06-20,AAPL,0.022484732199264945,0.022498019
2025-06-20,AMZN,0.021644978130290093,-0.005705811
2025-06-20,GOOGL,0.0012692483014664635,-0.024046993
2025-06-20,MSFT,0.03583628131636818,0.0011178416
2025-06-20,SPY,0.02718082599079019,0.0033216993
2025-06-23,AAPL,0.0003979593541385551,0.0052264463
2025-06-23,AMZN,0.06490533860408809,0.00085136935
2025-06-23,GOOGL,0.07135147474915193,-0.0010944393
2025-06-23,MSFT,0.038835321802018985,0.016645862
2025-06-23,SPY,0.03471419102488338,0.013155864
2025-06-24,AAPL,0.01821330227968554,0.0011178416
2025-06-24,AMZN,0.05238162855568129,0.02191919
2025-06-24,GOOGL,0.06683201335124767,0.009421828
2025-06-24,MSFT,0.02347742130350583,0.011091747
2025-06-24,SPY,0.029492649999213194,0.015060821
2025-06-25,AAPL,0.03754374136253036,0.007486473
2025-06-25,AMZN,0.03614232404469431,0.0036670933
2025-06-25,GOOGL,0.05438612766025397,0.021138381
2025-06-25,MSFT,0.0039583471937514325,0.0076608937
2025-06-25,SPY,0.01791430003409089,0.0044923658
2025-06-26,AAPL,0.05397903528856918,0.0038873365
2025-06-26,AMZN,0.037407389359386256,0.021986134
2025-06-26,GOOGL,0.046637021932488976,0.016454097
2025-06-26,MSFT,-0.002397006188699091,0.013949859
2025-06-26,SPY,0.021956087621464615,0.010833397
2025-06-27,AAPL,0.062437663904598484,0.0035514184
2025-06-27,AMZN,0.028970194760399304,0.023117837
2025-06-27,GOOGL,0.034516454577799616,0.02216031
2025-06-27,MSFT,0.0027942141598868986,0.0034948722
2025-06-27,SPY,0.022014485703857112,0.008508333
2025-06-30,AAPL,0.04411169051642938,0.021092994
2025-06-30,AMZN,0.0007612994474788248,-0.009383145
2025-06-30,GOOGL,-0.009746325039155956,-0.0018240425
2025-06-30,MSFT,0.0035892159523795986,0.003987131
2025-06-30,SPY,0.009383519809463392,0.007929509
2025-07-01,AAPL,0.023590226006395376,0.013189989
2025-07-01,AMZN,-0.0001367372231202424,0.0077206595
2025-07-01,GOOGL,-0.010611073416579186,0.0043605985
2025-07-01,MSFT,-0.0015883143404136213,-0.0025301685
2025-07-01,SPY,0.00403009612541827,0.004011493
2025-07-02,AAPL,0.015975363472663817,0.021926038
2025-07-02,AMZN,0.009434756912464426,0.0027135909
2025-07-02,GOOGL,0.00443596713551786,0.014724522
2025-07-02,MSFT,0.023290344977755728,0.003445716
2025-07-02,SPY,0.010377992939927694,0.00823974
2025-07-03,AAPL,-0.00014124351891109388,0.008142422
2025-07-03,AMZN,0.010640216248515078,0.015835464
2025-07-03,GOOGL,-0.005709759434752937,0.008508333
2025-07-03,MSFT,0.021156978098934687,0.015323601
2025-07-03,SPY,0.008655018758110478,0.010833397
2025-07-07,AAPL,-0.011191710335615834,-0.00999125
2025-07-07,AMZN,0.00720648397099799,0.004220318
2025-07-07,GOOGL,0.0036763753250881326,-0.009558099
2025-07-07,MSFT,0.008980875541325206,0.004161736
2025-07-07,SPY,-0.0027505378065230124,-0.0014390144
2025-07-08,AAPL,-0.006334941028341201,0.004420735
2025-07-08,AMZN,0.009934224766529942,-0.009647845
2025-07-08,GOOGL,0.026981299472438547,-0.005979595
2025-07-08,MSFT,0.010648545585458802,0.004191017
2025-07-08,SPY,0.006653855354532778,0.0035514184
2025-07-09,AAPL,-0.004285458964200961,0.008287297
2025-07-09,AMZN,0.03186545164895582,0.014273166
2025-07-09,GOOGL,0.04381741443632947,0.013854613
2025-07-09,MSFT,0.018525311425897417,0.014481994
2025-07-09,SPY,0.0029016334521092535,0.00869654
2025-07-10,AAPL,-0.004641443480498997,0.008088437
2025-07-10,AMZN,0.0029208644508120774,0.004161736
2025-07-10,GOOGL,0.035952910238933544,0.008088437
2025-07-10,MSFT,0.004190607035940985,0.0037927197
2025-07-10,SPY,0.0002563151980770062,0.005435276
2025-07-11,AAPL,-0.011251848443712631,0.0013790566
2025-07-11,AMZN,0.0072888077747466085,0.014208212
2025-07-11,GOOGL,0.033554827264800524,0.01334175
2025-07-11,MSFT,0.020379724775937857,0.0049794707
2025-07-11,SPY,0.003547357778553417,0.0034164244
2025-07-14,AAPL,9.461211248473766e-05,-0.0027290317
2025-07-14,AMZN,0.004932897472562203,0.0048564468
2025-07-14,GOOGL,0.02702699030346456,0.0097249085
2025-07-14,MSFT,0.013371207859237177,0.003812633
2025-07-14,SPY,0.006350058320194085,0.0052264463
2025-07-15,AAPL,0.018502600034483452,0.0037783019
2025-07-15,AMZN,0.015995394440605715,0.004719249
2025-07-15,GOOGL,0.04703676037215376,0.004499009
2025-07-15,MSFT,0.013995485907096539,0.008326543
2025-07-15,SPY,0.006338063711708086,0.002923396
2025-07-16,AAPL,0.02529762101162314,0.007027732
2025-07-16,AMZN,0.004948067536942435,-0.0066269403
2025-07-16,GOOGL,0.05131868155890573,0.007961382
2025-07-16,MSFT,-0.0010874292906418725,0.004999563
2025-07-16,SPY,0.010801337150645907,0.0052264463
2025-07-17,AAPL,0.018985467067440975,0.0035514184
2025-07-17,AMZN,0.022850444862849262,0.0052264463
2025-07-17,GOOGL,0.03967864212229588,0.004827168
2025-07-17,MSFT,0.0004943764827187724,0.013949859
2025-07-17,SPY,0.016004126882660064,0.008905371
2025-07-18,AAPL,0.017807848752065203,0.00869654
2025-07-18,AMZN,0.03729672441760634,0.014340107
2025-07-18,GOOGL,0.04679151862464148,0.011228333
2025-07-18,MSFT,-0.001602511212077995,0.003155209
2025-07-18,SPY,0.010158549983526166,0.0035514184
2025-07-21,AAPL,0.0127852942397928,0.007248373
2025-07-21,AMZN,0.02348205653356583,0.013949859
2025-07-21,GOOGL,0.0438776171711428,0.023117837
2025-07-21,MSFT,0.007175735808441441,0.004391455
2025-07-21,SPY,0.015169344601831725,0.003987131
2025-07-22,AAPL,0.0073891023098313635,0.010833397
2025-07-22,AMZN,0.015220192707922742,-0.0019167793
2025-07-22,GOOGL,0.01304576995133333,0.011222324
2025-07-22,MSFT,0.004783730106916906,-0.0019167793
2025-07-22,SPY,0.012993685660198206,0.0052083926
2025-07-23,AAPL,-0.014598806364862216,0.004191017
2025-07-23,AMZN,0.01556246215824375,0.0053870063
2025-07-23,GOOGL,0.023048008607174708,0.0011178416
2025-07-23,MSFT,0.014447729921188923,0.004999563
2025-07-23,SPY,0.010177099269601309,0.010833397
2025-07-24,AAPL,-0.02381501292687138,0.0033216993
2025-07-24,AMZN,0.00832278773118178,0.014835958
2025-07-24,GOOGL,0.03311777789397041,0.013013593
2025-07-24,MSFT,0.01456899462158412,0.013176114
2025-07-24,SPY,0.00039418022238901784,0.0037602473
2025-07-25,AAPL,-0.028957736109658794,0.0035514184
2025-07-25,AMZN,0.008095443816044323,0.003155209
2025-07-25,GOOGL,-0.0014049753997917858,0.008142422
2025-07-25,MSFT,0.04427650522102167,0.0076335976
2025-07-25,SPY,-0.003688270924933401,0.00823974
2025-07-28,AAPL,-0.053768400406611794,0.004420735
2025-07-28,AMZN,-0.07211373256717646,0.007969107
2025-07-28,GOOGL,-0.020964843004286138,0.004024529
2025-07-28,MSFT,0.020244842800459573,0.004053819
2025-07-28,SPY,-0.02414078849422041,0.0046295635
2025-07-29,AAPL,-0.049988360024096457,-0.0023359244
2025-07-29,AMZN,-0.09081146097059367,-0.0016786794
2025-07-29,GOOGL,0.012773915911622469,0.015551985
2025-07-29,MSFT,0.04515134368831042,0.0037895178
2025-07-29,SPY,-0.00905906573643156,0.003155209
2025-07-30,AAPL,-0.03952291842883415,-0.0019167793
2025-07-30,AMZN,-0.0747153582843153,0.003155209
2025-07-30,GOOGL,-0.005517277392694253,0.0076608937
2025-07-30,MSFT,0.029615434334617774,0.004750884
2025-07-30,SPY,-0.011475671646053676,0.003661362
2025-07-31,AAPL,0.02009086571801255,-0.0010438482
2025-07-31,AMZN,-0.03423261131776678,0.0160841
2025-07-31,GOOGL,-0.0022388584982875326,-0.011084716
2025-07-31,MSFT,0.02279643975433876,0.02329751
2025-07-31,SPY,-0.002647971865979759,0.0036670933
2025-08-01,AAPL,0.06002794972948844,-0.010231196
2025-08-01,AMZN,-0.04690101105853206,-0.029501863
2025-08-01,GOOGL,0.02407511676291252,-0.010222395
2025-08-01,MSFT,-0.02372999489482852,-0.009383145
2025-08-01,SPY,0.00026878177321787433,-0.01255883
2025-08-04,AAPL,0.13326411797158366,0.007096747
2025-08-04,AMZN,0.036973236048457814,-0.005972284
2025-08-04,GOOGL,0.0649816559077927,0.02306971
2025-08-04,MSFT,-0.003949654958368187,0.022706851
2025-08-04,SPY,0.024866622880108213,0.015304581
2025-08-05,AAPL,0.11845493588120104,0.0030552263
2025-08-05,AMZN,0.04559418584246777,0.011953124
2025-08-05,GOOGL,0.030557797909755102,0.0033216993
2025-08-05,MSFT,-0.02589444710915567,-0.006217695
2025-08-05,SPY,0.007525791077266142,0.0024919363
2025-08-06,AAPL,0.13301118787034083,0.026205888
2025-08-06,AMZN,0.03611696477521953,0.024387209
2025-08-06,GOOGL,0.04453692581617674,0.010624568
2025-08-06,MSFT,0.002823340312704481,0.0016282899
2025-08-06,SPY,0.023440858883635673,0.010624568
2025-08-07,AAPL,0.09540353221363995,0.023552325
2025-08-07,AMZN,0.010121002315278238,0.0029449305
2025-08-07,GOOGL,0.02993523378936702,0.0048564468
2025-08-07,MSFT,-0.008305689892157742,-0.0019167793
2025-08-07,SPY,0.01913778353734763,0.0037278137
2025-08-08,AAPL,0.05914730106097843,0.024596034
2025-08-08,AMZN,0.035181242652010836,0.003231622
2025-08-08,GOOGL,0.03266833036155958,0.021595892
2025-08-08,MSFT,0.003148660578972784,0.0045104204
2025-08-08,SPY,0.020087039249260696,0.010833397
2025-08-11,AAPL,0.010912674669580014,-0.0017927629
2025-08-11,AMZN,0.03745114844158759,0.00024326
2025-08-11,GOOGL,0.012312586085995836,0.0043605985
2025-08-11,MSFT,-0.0035819488351950257,0.0035514184
2025-08-11,SPY,0.009824650506321753,0.0033216993
2025-08-12,AAPL,0.01633068222550138,0.013949859
2025-08-12,AMZN,0.04604610167593637,0.004420735
2025-08-12,GOOGL,0.012437740116985507,0.013949859
2025-08-12,MSFT,-0.008950190291473814,0.01374103
2025-08-12,SPY,0.011605151574024086,0.013949859
2025-08-13,AAPL,0.003962533788873346,0.015256657
2025-08-13,AMZN,0.02952992843313096,0.01374103
2025-08-13,GOOGL,-0.008704576743455261,0.000596983
2025-08-13,MSFT,-0.03678864255327252,-0.009383145
2025-08-13,SPY,-0.004481278348262618,0.0048564468
2025-08-14,AAPL,-0.0313718802911882,0.003661362
2025-08-14,AMZN,-0.003339864660464764,0.02233018
2025-08-14,GOOGL,-0.013071904834066062,0.007311414
2025-08-14,MSFT,-0.02854508771158537,0.004115251
2025-08-14,SPY,-0.010513499982009678,0.0046002846
2025-08-15,AAPL,-0.03385163931314572,0.0017298528
2025-08-15,AMZN,-0.03909428931650216,0.004063296
2025-08-15,GOOGL,-0.015718846313411028,0.0077922903
2025-08-15,MSFT,-0.03332396033289686,0.002923396
2025-08-15,SPY,-0.01457478954287883,0.0033216993
2025-08-18,AAPL,-0.0165377761724238,0.003155209
2025-08-18,AMZN,-0.009479299021675325,0.0046183383
2025-08-18,GOOGL,0.01074059250672632,0.0033216993
2025-08-18,MSFT,-0.023273401048453102,0.0011178416
2025-08-18,SPY,0.0029063187664772894,0.004420735
2025-08-19,AAPL,-0.016154904540798376,0.0033216993
2025-08-19,AMZN,-0.01533544847517243,-0.006825803
2025-08-19,GOOGL,0.02452100918312139,-0.0019863625
2025-08-19,MSFT,-0.023227695412426086,-0.0070922747
2025-08-19,SPY,-0.0012902517784848522,0.0013901903
2025-08-20,AAPL,-0.005421549053301389,-0.010057089
2025-08-20,AMZN,0.0030700943989112606,-0.010182762
2025-08-20,GOOGL,0.027633069890834916,-0.0018597103
2025-08-20,MSFT,-0.01354459697555599,-0.0021832504
2025-08-20,SPY,0.008361876118188949,0.0046033543
2025-08-21,AAPL,0.019822151483491757,0.0028621473
2025-08-21,AMZN,0.023725470785564973,-0.0016555644
2025-08-21,GOOGL,0.04093915332236975,0.0037783019
2025-08-21,MSFT,0.0036640856227434515,0.0026459806
2025-08-21,SPY,0.01335193899627507,0.0024916832
2025-08-22,AAPL,0.03405963758037989,0.013761281
2025-08-22,AMZN,0.04347830271664188,0.022594798
2025-08-22,GOOGL,0.05952429287969929,0.023335759
2025-08-22,MSFT,0.01070933281360853,0.008117716
2025-08-22,SPY,0.021036849369311383,0.014724522
2025-08-25,AAPL,0.019230753713266102,0.0025471004
2025-08-25,AMZN,0.0006991944794174643,0.0023152875
2025-08-25,GOOGL,0.03309240725330964,0.013371033
2025-08-25,MSFT,-0.0010646444557356194,0.00085136935
2025-08-25,SPY,-0.0004030833244477172,0.0025141502
2025-08-26,AAPL,0.011269677995427108,0.010624568
2025-08-26,AMZN,-0.011406537139894923,0.0046183383
2025-08-26,GOOGL,0.013717626613306555,-0.0003733886
2025-08-26,MSFT,0.0017054005507930459,0.0037927197
2025-08-26,SPY,-0.0034242088462907994,0.00823974
2025-08-27,AAPL,0.03994596584154775,0.0076913796
2025-08-27,AMZN,-0.01189279498428808,0.004420735
2025-08-27,GOOGL,0.11354639315847326,0.003812633
2025-08-27,MSFT,0.006593070079516261,0.010624568
2025-08-27,SPY,-0.002201069533652844,0.005435276
2025-08-28,AAPL,0.040305388796222585,0.010624568
2025-08-28,AMZN,0.02863127487078776,0.013949859
2025-08-28,GOOGL,0.1196260357442056,0.020730732
2025-08-28,MSFT,0.002427280962907785,0.00869654
2025-08-28,SPY,0.003850726306972252,0.005595836
2025-08-29,AAPL,0.030658625376688287,0.0033216993
2025-08-29,AMZN,0.003151967652422316,-0.0021209226
2025-08-29,GOOGL,0.11037618587734133,0.007718417
2025-08-29,MSFT,-0.02872619146760902,0.0007817878
2025-08-29,SPY,-0.002588871873618337,0.00088499335
2025-09-02,AAPL,0.02472644793497092,-0.0030382965
2025-09-02,AMZN,0.02986897964144397,-0.010270373
2025-09-02,GOOGL,0.10022691503220793,-0.0017561228
2025-09-02,MSFT,-0.01675583717726592,0.0020336853
2025-09-02,SPY,0.005860028241561066,-0.0022920857
2025-09-03,AAPL,0.02015490759272809,0.025344735
2025-09-03,AMZN,0.05724686857600858,0.004647618
2025-09-03,GOOGL,0.13482056284152333,0.028599126
2025-09-03,MSFT,-0.013283940123805293,0.004011493
2025-09-03,SPY,0.01571214421126177,0.00869654
2025-09-04,AAPL,-0.048978951183917374,0.008905371
2025-09-04,AMZN,0.019204372903216305,0.025344735
2025-09-04,GOOGL,0.037821524655168304,0.0092966845
2025-09-04,MSFT,-0.009854576956255912,0.008103176
2025-09-04,SPY,0.013157612190517698,0.010833397
2025-09-05,AAPL,-0.040662254963421796,0.003891083
2025-09-05,AMZN,-0.024312609918575645,-0.0066269403
2025-09-05,GOOGL,0.03566500793836558,0.013949859
2025-09-05,MSFT,-0.013701597548355537,-0.010743079
2025-09-05,SPY,0.01311016489596728,0.0034948722
2025-09-08,AAPL,-0.023446839751548154,-0.0009941715
2025-09-08,AMZN,-0.017991683818820436,0.014934584
2025-09-08,GOOGL,0.025597327629150124,0.003155209
2025-09-08,MSFT,0.030100977901773573,0.009925407
2025-09-08,SPY,0.015712848993265416,0.004647618
2025-09-09,AAPL,-0.0049604930413839066,-0.006825803
2025-09-09,AMZN,-0.018699133864432116,0.013949859
2025-09-09,GOOGL,0.07507264294775307,0.021595892
2025-09-09,MSFT,0.034443991158331855,0.0037968296
2025-09-09,SPY,0.018618056630187674,0.005435276
2025-09-10,AAPL,0.01621504659865347,-0.0223617
2025-09-10,AMZN,-0.017587316759554383,-0.019980378
2025-09-10,GOOGL,0.04811587852382759,0.0027135909
2025-09-10,MSFT,0.021327840653798003,0.008314992
2025-09-10,SPY,0.014869370976557494,0.0041635204
2025-09-11,AAPL,0.05379435513061415,0.01374103
2025-09-11,AMZN,0.0056006307292917334,0.0033216993
2025-09-11,GOOGL,0.04331639758708272,0.008508333
2025-09-11,MSFT,0.019285718713575095,0.004420735
2025-09-11,SPY,0.010686739766130327,0.010833397
2025-09-12,AAPL,0.034125971228706975,0.014735048
2025-09-12,AMZN,0.005566422249551062,-0.0020068563
2025-09-12,GOOGL,0.04850857956487564,0.0052083926
2025-09-12,MSFT,0.014850025227143737,0.017547999
2025-09-12,SPY,0.007040376077285471,0.0035514184
2025-09-15,AAPL,0.04883150549724857,0.014273166
2025-09-15,AMZN,0.014595669165634817,0.012804764
2025-09-15,GOOGL,0.057807329050989065,0.025344735
2025-09-15,MSFT,0.015748180883370155,0.013331785
2025-09-15,SPY,0.012366883329311351,0.008721248
2025-09-16,AAPL,0.08187577849613703,0.007248373
2025-09-16,AMZN,-0.016419599504081006,0.014135967
2025-09-16,GOOGL,0.003656490197183837,0.003661362
2025-09-16,MSFT,-0.0017656833862127463,-0.0023359244
2025-09-16,SPY,0.011769910628532276,0.0033216993
2025-09-17,AAPL,0.06836025334346596,0.004808178
2025-09-17,AMZN,-0.05699635190750496,-0.0011846547
2025-09-17,GOOGL,0.001990762167167315,0.00023471925
2025-09-17,MSFT,0.00037332774749399,0.0052264463
2025-09-17,SPY,0.0076496944301776,0.004191017
2025-09-18,AAPL,0.055734496154582036,0.002923396
2025-09-18,AMZN,-0.049261672756479635,0.004053819
2025-09-18,GOOGL,-0.009577935236997348,0.014481994
2025-09-18,MSFT,0.00025489009016466113,0.003155209
2025-09-18,SPY,0.005693127934354836,0.007399828
2025-09-19,AAPL,0.07983015036961305,0.023552325
2025-09-19,AMZN,-0.05656706341190709,0.0037278137
2025-09-19,GOOGL,-0.024759014130849355,0.013949859
2025-09-19,MSFT,-0.0027928181122089946,0.01719102
2025-09-19,SPY,-0.0036021793292101423,0.008508333
2025-09-22,AAPL,0.040570250271461994,0.025706997
2025-09-22,AMZN,-0.050544311232896155,-0.010257724
2025-09-22,GOOGL,-0.03211383509440069,-0.0017403837
2025-09-22,MSFT,-0.012492112232860952,-0.0012427128
2025-09-22,SPY,-0.0028325283820770375,0.008099091
2025-09-23,AAPL,-0.006443273998468446,0.00041441302
2025-09-23,AMZN,-0.023986322526672765,-0.016348137
2025-09-23,GOOGL,-0.03358016666941144,0.003155209
2025-09-23,MSFT,0.0002914381883600825,-0.0019167793
2025-09-23,SPY,-0.004738765274230561,0.0013901903
2025-09-24,AAPL,0.000786133425020763,-0.0019167793
2025-09-24,AMZN,-0.005165145915320468,0.0035671105
2025-09-24,GOOGL,-0.034014105089716584,-0.009383145
2025-09-24,MSFT,0.017123848622037308,0.004647618
2025-09-24,SPY,0.004478066207344478,0.003155209
2025-09-25,AAPL,0.012444966570218652,0.01719102
2025-09-25,AMZN,0.0019072619596756102,-0.0020068563
2025-09-25,GOOGL,-0.009063690249619838,0.00026867105
2025-09-25,MSFT,0.01873961066836638,0.0006861306
2025-09-25,SPY,0.011117935534703527,0.003763439
2025-09-26,AAPL,0.0010122061556943063,-0.002614529
2025-09-26,AMZN,0.019527893123143514,0.01004574
2025-09-26,GOOGL,-0.0004068014971041478,0.0037783019
2025-09-26,MSFT,0.017178343600670276,0.010882919
2025-09-26,SPY,0.016974250769342003,0.00869654
2025-09-29,AAPL,0.010021096856694056,0.003763439
2025-09-29,AMZN,-0.0012285206750414224,0.01374103
2025-09-29,GOOGL,-0.004826707591835455,-0.0021832504
2025-09-29,MSFT,0.01151600037612499,0.00869654
2025-09-29,SPY,0.011166094469648336,0.004647618
2025-09-30,AAPL,0.008882585374932805,0.004420735
2025-09-30,AMZN,-0.005716362618391035,-0.002387396
2025-09-30,GOOGL,0.026142109656258627,0.0039952486
2025-09-30,MSFT,0.027147417477257685,0.009330054
2025-09-30,SPY,0.011948478105290539,0.0055875788
2025-10-01,AAPL,0.007265480798286372,0.0037783019
2025-10-01,AMZN,0.010065088041896209,0.0060856603
2025-10-01,GOOGL,0.010941914411140674,0.008410743
2025-10-01,MSFT,0.011641959437128202,0.004827168
2025-10-01,SPY,0.004413206492484223,0.004827168
2025-10-02,AAPL,0.010217357691214346,0.010111361
2025-10-02,AMZN,0.02080404403892655,0.010624568
2025-10-02,GOOGL,-0.0011433708370205409,0.0052264463
2025-10-02,MSFT,0.009890039888476032,-0.0021852222
2025-10-02,SPY,0.006971250691408137,0.0046295635
2025-10-03,AAPL,-0.012017331087769811,0.003221453
2025-10-03,AMZN,0.02396475762462602,-0.002602398
2025-10-03,GOOGL,-0.016931945090312595,0.004161736
2025-10-03,MSFT,0.012913636956401131,0.0041179582
2025-10-03,SPY,0.002899008920579371,0.0037602473
2025-10-06,AAPL,-0.0494147333671906,0.0015665856
2025-10-06,AMZN,-0.01430458506776866,0.010641434
2025-10-06,GOOGL,-0.03578564815316776,0.020977814
2025-10-06,MSFT,-0.01235130299871201,0.021595892
2025-10-06,SPY,-0.024192760049088324,0.005595836
2025-10-07,AAPL,-0.03517855828118033,0.004420735
2025-10-07,AMZN,-0.0037572955871358893,0.007452065
2025-10-07,GOOGL,-0.02507684615445671,-0.0102559505
2025-10-07,MSFT,-0.027470341952149813,-0.0019167793
2025-10-07,SPY,-0.0127603682974895,0.003155209
2025-10-08,AAPL,-0.03395983665428415,0.008905371
2025-10-08,AMZN,-0.024303361075460272,0.014845842
2025-10-08,GOOGL,-0.001261362982455383,0.0023152875
2025-10-08,MSFT,-0.0198672232342344,0.003891083
2025-10-08,SPY,-0.010297088638400065,0.008905371
2025-10-09,AAPL,-0.03379066726377922,-0.009148854
2025-10-09,AMZN,-0.0428469667177912,0.01374103
2025-10-09,GOOGL,0.026203944847879024,-0.0022627348
2025-10-09,MSFT,-0.021758511152221383,0.003763439
2025-10-09,SPY,-0.011795896674751005,0.0033316049
2025-10-10,AAPL,-0.02594069386025255,-0.019638743
2025-10-10,AMZN,-0.05826821793441661,-0.025269276
2025-10-10,GOOGL,0.041112928289209316,-0.009914317
2025-10-10,MSFT,-0.02065475253367466,-0.010686439
2025-10-10,SPY,-0.01567431519601592,-0.010476607
2025-10-13,AAPL,0.028621487448903915,0.011019505
2025-10-13,AMZN,-0.015390312456452726,0.016180316
2025-10-13,GOOGL,0.07071908075541677,0.023343496
2025-10-13,MSFT,0.005127671587639826,0.009091479
2025-10-13,SPY,0.01741146850294606,0.015047829
2025-10-14,AAPL,0.058870956620811654,0.004391455
2025-10-14,AMZN,-0.016313043473437316,-0.010685188
2025-10-14,GOOGL,0.050788484553677904,0.005942732
2025-10-14,MSFT,0.005330084751914432,0.004391455
2025-10-14,SPY,0.012457784890383072,0.0025560227
2025-10-15,AAPL,0.06053983000345009,0.009202796
2025-10-15,AMZN,0.02606404827190123,0.004024529
2025-10-15,GOOGL,0.02041147725305703,0.022498019
2025-10-15,MSFT,0.007963940861165586,0.003891083
2025-10-15,SPY,0.013680922576189136,0.0085630445
2025-10-16,AAPL,0.0365364778190691,-0.0016555644
2025-10-16,AMZN,0.011040448778405043,0.0011237164
2025-10-16,GOOGL,0.002629149853198065,0.0035514184
2025-10-16,MSFT,0.01384790725601115,0.0033316049
2025-10-16,SPY,0.003953796782894647,-0.00063460204
2025-10-17,AAPL,0.04901982082414191,0.019892463
2025-10-17,AMZN,0.030866764953179304,0.00023471925
2025-10-17,GOOGL,0.006442376869288724,0.010424151
2025-10-17,MSFT,0.01749385959999472,0.007174731
2025-10-17,SPY,0.016832156682429433,0.00869654
2025-10-20,AAPL,0.04173785036020594,0.025706997
2025-10-20,AMZN,0.05243153295039793,0.015343157
2025-10-20,GOOGL,0.026135071703924373,0.014548938
2025-10-20,MSFT,0.01952947779532721,0.008117716
2025-10-20,SPY,0.01935610322526382,0.01374103
2025-10-21,AAPL,0.025053454705240563,0.003987131
2025-10-21,AMZN,0.04845715862987543,0.022498019
2025-10-21,GOOGL,0.04958085693642644,-0.009853129
2025-10-21,MSFT,0.028503054505693015,0.004999563
2025-10-21,SPY,0.020765651107065963,0.003891083
2025-10-22,AAPL,0.02370914850591399,-0.009206747
2025-10-22,AMZN,0.0325181338575784,-0.01391904
2025-10-22,GOOGL,0.06791507043697043,0.0073632207
2025-10-22,MSFT,0.047154443569711324,0.0077602575
2025-10-22,SPY,0.02349220877587399,0.0021223177
2025-10-23,AAPL,0.04352869690761296,0.008289262
2025-10-23,AMZN,0.05666440136013606,0.01374103
2025-10-23,GOOGL,0.09090556776002767,0.007248373
2025-10-23,MSFT,0.040361998019316614,0.0035514184
2025-10-23,SPY,0.029335105650153848,0.00869654
2025-10-24,AAPL,0.04553518739680218,0.015060821
2025-10-24,AMZN,0.00800580895462999,0.013162202
2025-10-24,GOOGL,0.11221761345149406,0.023117837
2025-10-24,MSFT,0.009989168371645318,0.008117716
2025-10-24,SPY,0.012013176273656168,0.011365532
2025-10-27,AAPL,0.028726779467275865,0.022706851
2025-10-27,AMZN,0.08924666119997182,0.014135967
2025-10-27,GOOGL,0.0818327126390237,0.025344735
2025-10-27,MSFT,-0.011076928635342709,0.0140747735
2025-10-27,SPY,0.0071022063827990145,0.015060821
2025-10-28,AAPL,0.0008926670941988846,0.0044923658
2025-10-28,AMZN,0.11909062269869386,0.01397011
2025-10-28,GOOGL,0.05366373358430754,-0.00063460204
2025-10-28,MSFT,-0.027261542251860393,0.019479135
2025-10-28,SPY,-0.0027726781144603585,0.0048564468
2025-10-29,AAPL,0.003866250990218756,0.0048564468
2025-10-29,AMZN,0.08754637873159754,0.008634676
2025-10-29,GOOGL,0.037649036701662864,0.022006877
2025-10-29,MSFT,-0.05117405129591579,0.004882615
2025-10-29,SPY,-0.017203682166793244,0.0046295635
2025-10-30,AAPL,0.001631572228700806,0.009300307
2025-10-30,AMZN,0.08640900405030383,-0.023100661
2025-10-30,GOOGL,0.035473528101269025,0.020659618
2025-10-30,MSFT,-0.06350288054268416,-0.020262752
2025-10-30,SPY,-0.014271341163713425,-0.0027290317
2025-10-31,AAPL,-0.006005866031999929,0.0036670933
2025-10-31,AMZN,0.09055008803963838,0.0265519
2025-10-31,GOOGL,0.01161704393643559,0.0041683856
2025-10-31,MSFT,-0.054511532925849204,-0.0091772275
2025-10-31,SPY,-0.014003495849889025,0.005621383
2025-11-03,AAPL,-0.007027399721622918,0.0035550748
2025-11-03,AMZN,0.0007779970537078462,0.02329751
2025-11-03,GOOGL,-0.008392960448193043,0.010254568
2025-11-03,MSFT,-0.04053606190068881,0.0030552263
2025-11-03,SPY,-0.016259605096034857,0.005246696
2025-11-04,AAPL,0.002383255868599665,0.004599505
2025-11-04,AMZN,-0.0220472681240772,-0.014488547
2025-11-04,GOOGL,0.02248689537053461,-0.014259451
2025-11-04,MSFT,-0.02133336057748736,0.0006245158
2025-11-04,SPY,-0.0027804772921535825,-0.006302044
2025-11-05,AAPL,0.02028140545059265,0.003812633
2025-11-05,AMZN,-0.0008824049985568516,0.0053870063
2025-11-05,GOOGL,0.04961444564863049,0.021595892
2025-11-05,MSFT,-0.010985280729345792,-0.006893413
2025-11-05,SPY,0.011492104293485017,0.0045104204
2025-11-06,AAPL,0.013308206822029156,0.0027135909
2025-11-06,AMZN,-0.023980815640222364,-0.01761581
2025-11-06,GOOGL,0.008441422887764949,0.0044923658
2025-11-06,MSFT,0.007847690245949224,-0.010522424
2025-11-06,SPY,0.008559840410555575,-0.0019167793
2025-11-07,AAPL,0.012768741890949453,0.0026857515
2025-11-07,AMZN,-0.02246540325011448,0.00869654
2025-11-07,GOOGL,-0.0217031641561789,-0.009916288
2025-11-07,MSFT,0.012452197701041667,0.004420735
2025-11-07,SPY,0.0025808568562277756,0.004391455
2025-11-10,AAPL,0.01565925615595365,0.0065827416
2025-11-10,AMZN,-0.03976924460972875,0.01501548
2025-11-10,GOOGL,-0.008679047310529486,0.025344735
2025-11-10,MSFT,0.026891066103994943,0.018093158
2025-11-10,SPY,0.0014309111852752743,0.01562665
2025-11-11,AAPL,-0.0073117633777171065,0.021595892
2025-11-11,AMZN,-0.06252012544641483,0.0052264463
2025-11-11,GOOGL,-0.017511269908309424,0.007631614
2025-11-11,MSFT,0.002944660984956604,0.008103176
2025-11-11,SPY,-0.023142199815316067,0.004817201
2025-11-12,AAPL,-0.02837416458289521,-0.00029494
2025-11-12,AMZN,-0.10658371096436148,-0.009647845
2025-11-12,GOOGL,-0.024132347993939485,-0.009148854
2025-11-12,MSFT,-0.02927178846290268,0.008299506
2025-11-12,SPY,-0.033557682543569944,0.004420735
2025-11-13,AAPL,-0.017954533756157298,0.0033216993
2025-11-13,AMZN,-0.08808351668978509,-0.016580382
2025-11-13,GOOGL,0.02127591273820273,-0.020529225
2025-11-13,MSFT,-0.04699299936287926,-0.009415326
2025-11-13,SPY,-0.030363641832345967,-0.00999125
2025-11-14,AAPL,-0.024546660348101712,0.0030532542
2025-11-14,AMZN,-0.08603418757417691,-0.0065685166
2025-11-14,GOOGL,0.039056537520977264,-0.0030382965
2025-11-14,MSFT,-0.04761576705711257,0.011527204
2025-11-14,SPY,-0.029030890375019824,0.0027857411
2025-11-17,AAPL,-0.0033772933776627934,-0.013564262
2025-11-17,AMZN,-0.05965315886642997,-0.0016555644
2025-11-17,GOOGL,0.0841141562538199,0.021296266
2025-11-17,MSFT,-0.07286919764423716,0.0005156106
2025-11-17,SPY,-0.019198431571385233,-0.002524886
2025-11-18,AAPL,0.03163092777418908,0.0042396924
2025-11-18,AMZN,-0.028299035840037456,-0.02884228
2025-11-18,GOOGL,0.11774618035946927,0.005497751
2025-11-18,MSFT,-0.06424328751909936,-0.014747803
2025-11-18,SPY,0.004596771554265633,-0.0021852222
2025-11-19,AAPL,0.035634236245356554,0.0063142963
2025-11-19,AMZN,0.03199278822535723,0.005598641
2025-11-19,GOOGL,0.13775150864312913,0.021505099
2025-11-19,MSFT,-0.03221470716410135,-0.0070922747
2025-11-19,SPY,0.022633461897656915,0.0066743502
2025-11-20,AAPL,0.033474870061763085,-0.001404895
2025-11-20,AMZN,0.029053846826399443,-0.010231196
2025-11-20,GOOGL,0.09268821491425383,-0.0016090409
2025-11-20,MSFT,-0.001460329020708806,-0.008903441
2025-11-20,SPY,0.025730717703793538,-0.008903441
2025-11-21,AAPL,0.047323940553951394,0.020206576
2025-11-21,AMZN,0.07405361460925408,0.014735048
2025-11-21,GOOGL,0.10616684076019722,0.024661886
2025-11-21,MSFT,0.02838453534024188,-0.002602398
2025-11-21,SPY,0.04729277163906831,0.013162202
2025-11-24,AAPL,0.04276415081366891,0.01514274
2025-11-24,AMZN,0.059767104515340286,0.022498019
2025-11-24,GOOGL,0.050824467507061044,0.028599126
2025-11-24,MSFT,0.030966691704802374,0.008289262
2025-11-24,SPY,0.03222911342203982,0.014792697
2025-11-25,AAPL,0.037220952925332895,0.0039390204
2025-11-25,AMZN,0.03597312813134579,0.01419362
2025-11-25,GOOGL,-0.008694823407934926,0.015119459
2025-11-25,MSFT,0.033755236878645345,0.00869654
2025-11-25,SPY,0.019140944360455103,0.010624568
2025-11-26,AAPL,0.025923319740535966,0.003987131
2025-11-26,AMZN,0.011799567794979371,0.0030552263
2025-11-26,GOOGL,-0.011779592797546923,-0.0025526355
2025-11-26,MSFT,0.0015514715233770904,0.016969169
2025-11-26,SPY,0.013140446689306362,0.009776718
2025-11-28,AAPL,0.011349306014176275,0.008508333
2025-11-28,AMZN,-0.00021820147913576005,0.017547999
2025-11-28,GOOGL,-0.007282449936919622,0.004063296
2025-11-28,MSFT,-0.00959835982718149,0.01374103
2025-11-28,SPY,0.006929680771462277,0.008905371
2025-12-01,AAPL,-0.00025108221592795577,0.014116413
2025-12-01,AMZN,-0.015821981056908796,0.0038514927
2025-12-01,GOOGL,0.0034042996150380755,-0.00999125
2025-12-01,MSFT,-0.01798749537870825,-0.0026149629
2025-12-01,SPY,0.0033655237201748456,0.0023152875
2025-12-02,AAPL,-0.018403407296962215,0.013949859
2025-12-02,AMZN,-0.029887144463959014,0.0035118277
2025-12-02,GOOGL,-0.0030640404258350795,0.004624987
2025-12-02,MSFT,0.008793243159755937,0.009186505
2025-12-02,SPY,0.004939224059280933,0.0045104204
2025-12-03,AAPL,-0.031482663786270404,-0.00063460204
2025-12-03,AMZN,-0.02772800977208212,-0.0016555644
2025-12-03,GOOGL,0.004678138693929856,0.01374103
2025-12-03,MSFT,0.0041223927181339715,-0.014924199
2025-12-03,SPY,0.0022153720125570597,0.005435276
2025-12-04,AAPL,-0.018898523242921073,-0.0021209226
2025-12-04,AMZN,-0.002582004005973748,-0.0064841677
2025-12-04,GOOGL,0.002469869703802141,0.0016297256
2025-12-04,MSFT,0.0017373279042156575,0.009530471
2025-12-04,SPY,0.005381008866723658,0.0052083926
2025-12-05,AAPL,-0.009511927874484849,-0.00063460204
2025-12-05,AMZN,0.005106709291730738,0.0035118277
2025-12-05,GOOGL,-0.015696829481119945,0.013999381
2025-12-05,MSFT,0.0054696104736937645,0.008299506
2025-12-05,SPY,0.006984320527726462,0.003987131
2025-12-08,AAPL,-0.0017934714303041721,0.0034780884
2025-12-08,AMZN,-0.014551458875326273,-0.002387396
2025-12-08,GOOGL,-0.03665972292084285,-0.011084716
2025-12-08,MSFT,-0.009582734265728088,0.015343157
2025-12-08,SPY,-0.00573144903345324,0.0033316049
2025-12-09,AAPL,-0.013602636044805272,0.003155209
2025-12-09,AMZN,-0.019172313082187364,0.008030911
2025-12-09,GOOGL,-0.017531487745763852,0.013132921
2025-12-09,MSFT,-0.032992540020672645,0.0046183383
2025-12-09,SPY,-0.004242133612085364,0.0035514184
2025-12-10,AAPL,-0.009271936849482354,0.00869654
2025-12-10,AMZN,-0.023517026383873874,0.015343157
2025-12-10,GOOGL,-0.03314611668402945,0.012547755
2025-12-10,MSFT,-0.031766931357867345,-0.02015338
2025-12-10,SPY,-0.006104889714110495,0.010111361
2025-12-11,AAPL,-0.024894226457737534,0.0046033543
2025-12-11,AMZN,-0.04534469998355484,-0.00090304716
2025-12-11,GOOGL,-0.0733581378606607,-0.010476607
2025-12-11,MSFT,-0.005098601204245767,0.013132921
2025-12-11,SPY,-0.023517657150754157,0.004827168
2025-12-12,AAPL,-0.02100485639279759,0.004420735
2025-12-12,AMZN,-0.015285757734585403,-0.009792388
2025-12-12,GOOGL,-0.03191121863605073,-0.0020068563
2025-12-12,MSFT,0.0010549002742628044,-0.002791359
2025-12-12,SPY,-0.0184280474081453,-0.0021209226
2025-12-15,AAPL,-0.01656600240644146,-0.005972284
2025-12-15,AMZN,0.0051284479843882735,-0.008903441
2025-12-15,GOOGL,-0.006886729818487813,0.004998291
2025-12-15,MSFT,0.015443133477262228,-0.0021832504
2025-12-15,SPY,0.0012337773355066695,0.003559799
2025-12-16,AAPL,-0.011455121112639799,0.0046183383
2025-12-16,AMZN,0.02646715002851341,0.004420735
2025-12-16,GOOGL,0.0050613565054076215,-0.0004752481
2025-12-16,MSFT,0.021271251157446436,0.0046183383
2025-12-16,SPY,0.008995757061220688,0.0036152862
2025-12-17,AAPL,-0.00819334269594385,-0.0021832504
2025-12-17,AMZN,0.043044580949604505,0.0013632532
2025-12-17,GOOGL,0.025377500828048793,-0.019186022
2025-12-17,MSFT,0.021956820539344113,0.0035514184
2025-12-17,SPY,0.01638432542420043,-0.0021209226
2025-12-18,AAPL,0.007246941286019881,0.0061105257
2025-12-18,AMZN,0.05021015228377368,0.021781996
2025-12-18,GOOGL,0.05854001547432075,0.020424599
2025-12-18,MSFT,0.024993674484124595,0.014627128
2025-12-18,SPY,0.031307726031686745,0.009688302
2025-12-19,AAPL,0.004445350830379224,0.00869654
2025-12-19,AMZN,0.02540134902610136,0.0045104204
2025-12-19,GOOGL,0.036533888994127794,0.014106448
2025-12-19,MSFT,0.0077069456755429755,0.0085630445
2025-12-19,SPY,0.023474615759845996,0.010624568
2025-12-22,AAPL,0.00032885041230978906,-0.002791359
2025-12-22,AMZN,0.02076094609187762,0.008319755
2025-12-22,GOOGL,0.0208360877781244,0.01173553
2025-12-22,MSFT,0.002428395146540696,0.0033216993
2025-12-22,SPY,0.010667119131339664,0.00869654
2025-12-23,AAPL,0.007786863122727139,0.008299506
2025-12-23,AMZN,0.017948632994682523,0.015343157
2025-12-23,GOOGL,0.013138316908135605,0.01419362
2025-12-23,MSFT,0.005279210458594141,0.007452065
2025-12-23,SPY,0.003183243566426075,0.00823974
2025-12-24,AAPL,-0.0018358589314314555,0.007796376
2025-12-24,AMZN,-0.005686189665289443,0.004420735
2025-12-24,GOOGL,-0.004294547706233831,0.004999563
2025-12-24,MSFT,-0.006634524954174159,0.004817201
2025-12-24,SPY,-0.008779558744136717,0.005595836
2025-12-26,AAPL,-0.0102260319518096,0.0030552263
2025-12-26,AMZN,-0.02530340287142041,0.004999563
2025-12-26,GOOGL,0.003374836227192146,0.003661362
2025-12-26,MSFT,-0.030900333782648115,0.0045903176
2025-12-26,SPY,-0.010443595739656475,0.0040999036
2025-12-29,AAPL,-0.022457896690250334,0.0045903176
2025-12-29,AMZN,0.002322351953426116,0.0043605985
2025-12-29,GOOGL,0.009664667980929575,0.004391455
2025-12-29,MSFT,-0.03046894778694831,0.004161736
2025-12-29,SPY,-0.0037520048439805276,0.0034164244
2025-12-30,AAPL,-0.041642405946558214,0.0027867802
2025-12-30,AMZN,0.03817807158158293,0.0046183383
2025-12-30,GOOGL,0.0024874826753289447,0.0029433093
2025-12-30,MSFT,-0.01763497097138611,0.0034818356
2025-12-30,SPY,0.005757098917410497,0.0033216993
2025-12-31,AAPL,-0.04668973929277198,0.002656923
2025-12-31,AMZN,0.03883369383176927,-0.00063460204
2025-12-31,GOOGL,0.02590413974748773,0.0032792268
2025-12-31,MSFT,-0.00822603388999188,-0.0019167793
2025-12-31,SPY,0.003740821549932827,-0.0011705698
2026-01-02,AAPL,-0.047156580174571916,0.003155209
2026-01-02,AMZN,0.06702185889884471,-0.009647845
2026-01-02,GOOGL,0.03974440818463165,0.009595676
2026-01-02,MSFT,-0.011393293313475716,-0.010078332
2026-01-02,SPY,0.011130319951820677,0.004386887
2026-01-05,AAPL,-0.04295043025065959,-0.006217695
2026-01-05,AMZN,0.0921854520212475,0.023117837
2026-01-05,GOOGL,0.042583006008682034,0.0077032177
2026-01-05,MSFT,0.013405502382265455,0.004283537
2026-01-05,SPY,0.015955073375984785,0.008794044
2026-01-06,AAPL,-0.026229123784907826,-0.009914317
2026-01-06,AMZN,0.05753884751817151,0.023521645
2026-01-06,GOOGL,0.048398290204393124,-0.00063460204
2026-01-06,MSFT,0.009157213042636725,0.01374103
2026-01-06,SPY,0.010818393687174854,0.008905371
2026-01-07,AAPL,-0.004993074731663993,-0.0021832504
2026-01-07,AMZN,0.006931529815724202,0.003379022
2026-01-07,GOOGL,0.0688107975743526,0.021379322
2026-01-07,MSFT,-0.01638418328822533,0.012632542
2026-01-07,SPY,0.0028331579258262796,0.003155209
2026-01-08,AAPL,-0.0014212439710854508,0.0013704144
2026-01-08,AMZN,-0.020326228314844874,0.021212256
2026-01-08,GOOGL,0.04304604587713734,0.013622184
2026-01-08,MSFT,-0.04982720444389577,-0.0027290317
2026-01-08,SPY,0.0011311263970570362,0.004420735
2026-01-09,AAPL,-0.0032041842932829523,0.004999563
2026-01-09,AMZN,-0.03292866471001765,0.007631614
2026-01-09,GOOGL,0.02255413184127364,0.010584719
2026-01-09,MSFT,-0.04486406545154209,0.0046183383
2026-01-09,SPY,0.003959344371300189,0.010111361
2026-01-12,AAPL,-0.014805098888444834,0.0052264463
2026-01-12,AMZN,-0.03338996524613158,0.0027459632
2026-01-12,GOOGL,0.004352162354246847,0.01334175
2026-01-12,MSFT,-0.04051909581182933,0.0023152875
2026-01-12,SPY,-0.003472297735142904,0.0046002846
2026-01-13,AAPL,-0.0520653641511899,0.0046183383
2026-01-13,AMZN,-0.06276626422722509,-0.009148854
2026-01-13,GOOGL,-0.02971128110102772,0.013013593
2026-01-13,MSFT,-0.047487330497831715,-0.006093678
2026-01-13,SPY,-0.025289130990863273,0.004053819
2026-01-14,AAPL,-0.0513311895884897,0.0031846112
2026-01-14,AMZN,-0.04653754435646851,-0.01135119
2026-01-14,GOOGL,-0.022591230562432618,0.0045903176
2026-01-14,MSFT,-0.0564302915809185,-0.013918766
2026-01-14,SPY,-0.012064502622839202,0.0035257945
2026-01-15,AAPL,-0.0446606307410794,-0.0009010751
2026-01-15,AMZN,-0.009761240727537035,0.008594205
2026-01-15,GOOGL,-0.015781358062086026,-0.0019167793
2026-01-15,MSFT,-0.017937270001315397,0.0013632532
2026-01-15,SPY,-0.0019989215245096448,0.0040163985
2026-01-16,AAPL,-0.03938655545939085,-0.0021832504
2026-01-16,AMZN,0.004114581478143586,0.008030911
2026-01-16,GOOGL,-0.014574265680840637,-0.0019167793
2026-01-16,MSFT,0.020343288632523437,0.009639521
2026-01-16,SPY,-0.004348278531633443,0.0035514184
2026-01-20,AAPL,-0.0004696138633989433,-0.023819856
2026-01-20,AMZN,-0.0029273877657078895,-0.023819856
2026-01-20,GOOGL,0.009878805113217926,-0.014657726
2026-01-20,MSFT,0.022659019183255857,-0.0032424422
2026-01-20,SPY,0.0015469844404663036,-0.013828962
2026-01-21,AAPL,0.046898930980660225,0.0065800985
2026-01-21,AMZN,0.059220747514204586,0.004999563
2026-01-21,GOOGL,0.03897507776927944,0.01996073
2026-01-21,MSFT,0.057335271420428935,-0.01135119
2026-01-21,SPY,0.026432278955691224,0.013162202
2026-01-22,AAPL,0.03549372161617148,0.0040237093
2026-01-22,AMZN,0.05058145809403869,0.014851992
2026-01-22,GOOGL,0.02323519909238181,0.008966266
2026-01-22,MSFT,0.08448361259286585,0.01562665
2026-01-22,SPY,0.014619123398690537,0.008907356
2026-01-23,AAPL,0.039983898158687525,0.004161736
2026-01-23,AMZN,0.03153537383773353,0.0205219
2026-01-23,GOOGL,0.023325574597297782,-0.0016786794
2026-01-23,MSFT,-0.03910095624809129,0.023920925
2026-01-23,SPY,0.007344118493376017,0.004420735
2026-01-26,AAPL,0.04612167890022234,0.023343496
2026-01-26,AMZN,0.0005853796099040132,0.003155209
2026-01-26,GOOGL,0.030707792032923953,0.015343157
2026-01-26,MSFT,-0.07653180077545818,0.01004574
2026-01-26,SPY,0.003975464382848237,0.0077206595
2026-01-27,AAPL,0.05716309816887377,0.012538291
2026-01-27,AMZN,0.019042062661642767,0.022397123
2026-01-27,GOOGL,0.031296797342543536,0.0068465723
2026-01-27,MSFT,-0.09974903226887188,0.022498019
2026-01-27,SPY,0.0038688392800123594,0.0076608937
2026-01-28,AAPL,0.04340441494371383,-0.00097065885
2026-01-28,AMZN,-0.02476703343139175,-0.00012271859
2026-01-28,GOOGL,0.015423697030849448,0.00823974
2026-01-28,MSFT,-0.14434646176753563,0.005246696
2026-01-28,SPY,-0.008569458383974493,0.0037602473
2026-01-29,AAPL,0.07818569354298255,0.011461745
2026-01-29,AMZN,-0.04123282679795315,0.0028383436
2026-01-29,GOOGL,-0.008838891595918774,0.011584586
2026-01-29,MSFT,-0.14002441815313948,-0.025612159
2026-01-29,SPY,-0.01327247439478485,0.004769844
2026-01-30,AAPL,0.06825929508805606,0.006092079
2026-01-30,AMZN,-0.07876553850434598,-0.002524886
2026-01-30,GOOGL,-0.02069476775909873,0.0053297123
2026-01-30,MSFT,-0.09188004483115841,-6.5519685e-05
2026-01-30,SPY,-0.02365856511350284,0.0034164244
2026-02-02,AAPL,0.07183580280108859,0.024596034
2026-02-02,AMZN,-0.12110319831993921,0.013328758
2026-02-02,GOOGL,-0.04479293630899972,0.014943876
2026-02-02,MSFT,-0.06774498474806046,-0.008555689
2026-02-02,SPY,-0.0019509093706342462,0.0079002315
2026-02-03,AAPL,0.01802503742489936,0.0030532542
2026-02-03,AMZN,-0.14092856662408793,-0.008871258
2026-02-03,GOOGL,-0.056358837999170186,-0.0016090409
2026-02-03,MSFT,-0.02307674151115713,-0.01723391
2026-02-03,SPY,-0.002099463981098837,-0.001577117
2026-02-04,AAPL,0.016535679761118027,0.022128023
2026-02-04,AMZN,-0.13267952833446317,-0.010743079
2026-02-04,GOOGL,-0.06220013661779755,-0.009135959
2026-02-04,MSFT,0.005009620352582456,0.010109243
2026-02-04,SPY,0.003756160156048294,0.0030254144
2026-02-05,AAPL,-0.0026481310405960246,0.0041683856
2026-02-05,AMZN,-0.12408259144385325,-0.028665883
2026-02-05,GOOGL,-0.06629853060900182,0.0006309352
2026-02-05,MSFT,-0.0237090628882195,-0.02846038
2026-02-05,SPY,0.008408754382838168,-0.0029440336
2026-02-06,AAPL,-0.05050586831198034,0.009385246
2026-02-06,AMZN,-0.10368672183191552,-0.02515395
2026-02-06,GOOGL,-0.06716978973809751,-0.014924199
2026-02-06,MSFT,0.020753373132687436,0.021863064
2026-02-06,SPY,0.005386547196624791,0.020491542
2026-02-09,AAPL,-0.07946436980618554,-0.0017812629
2026-02-09,AMZN,-0.0548212896375182,-0.00043366573
2026-02-09,GOOGL,-0.05308799028708211,0.0072062183
2026-02-09,MSFT,0.00044871426018033844,0.024565395
2026-02-09,SPY,-0.012843544696793718,0.008299506
2026-02-10,AAPL,-0.03910854153497856,0.003155209
2026-02-10,AMZN,-0.03626872019904859,-0.0021832504
2026-02-10,GOOGL,-0.06875939074968951,-0.010685188
2026-02-10,MSFT,-0.04047393423938972,0.004656462
2026-02-10,SPY,-0.015995472862596616,0.003155209
2026-02-11,AAPL,-0.03409070852560947,0.008454383
2026-02-11,AMZN,-0.010485182437854124,-0.0064841677
2026-02-11,GOOGL,-0.047868633327508125,-0.010743079
2026-02-11,MSFT,-0.0330776787287812,-0.009020534
2026-02-11,SPY,-0.008423413639486732,0.004063296
2026-02-12,AAPL,-0.05415612180966056,-0.02466117
2026-02-12,AMZN,0.003822024560459436,-0.010344804
2026-02-12,GOOGL,-0.02608042813245326,0.00085136935
2026-02-12,MSFT,-0.012366156801170147,0.002050667
2026-02-12,SPY,-0.010810007463769922,-0.009148854
2026-02-13,AAPL,0.010888914638459868,-0.010743079
2026-02-13,AMZN,0.05265528149024856,0.00222521
2026-02-13,GOOGL,0.019352758809946025,-0.0026149629
2026-02-13,MSFT,-0.009215878357606622,0.0050353343
2026-02-13,SPY,0.011977655615763805,0.004283537
2026-02-17,AAPL,0.04065986742195937,0.023705758
2026-02-17,AMZN,0.03259726950642361,0.013132921
2026-02-17,GOOGL,0.018873421884073593,-0.0032424422
2026-02-17,MSFT,-0.03979987704083143,-0.0019594713
2026-02-17,SPY,0.0009388208496527994,0.0045903176
2026-02-18,AAPL,0.03130216046797418,0.0036246073
2026-02-18,AMZN,0.036838199785990344,0.016403362
2026-02-18,GOOGL,0.029402173775575413,0.0073148664
2026-02-18,MSFT,-0.017568169935503697,0.010636355
2026-02-18,SPY,0.006590004037318353,0.0077206595
2026-02-19,AAPL,0.03737467460471744,-0.0070922747
2026-02-19,AMZN,0.02856587868208016,0.004391455
2026-02-19,GOOGL,0.03154988880377485,0.003445716
2026-02-19,MSFT,0.004790719021322332,0.0041445782
2026-02-19,SPY,0.009995855065331849,0.0034164244
2026-02-20,AAPL,0.047471136768880706,0.013907584
2026-02-20,AMZN,0.01493701820500326,0.021749321
2026-02-20,GOOGL,0.014957892774088322,0.024387209
2026-02-20,MSFT,0.008181513186571676,0.0033166602
2026-02-20,SPY,0.00704189431385438,0.010016459
2026-02-23,AAPL,-0.0015118473297648372,0.0067134546
2026-02-23,AMZN,-0.0005235381944317385,-0.01374237
2026-02-23,GOOGL,-0.01022289036470081,-0.0018755139
2026-02-23,MSFT,-0.011303325099770722,-0.01941223
2026-02-23,SPY,-0.004989715564674868,-0.0023260228
2026-02-24,AAPL,-0.005485004102612101,0.02191919
2026-02-24,AMZN,0.015199469246593988,0.014877954
2026-02-24,GOOGL,-0.015955544808108346,0.004161736
2026-02-24,MSFT,0.03662181903948647,0.014600667
2026-02-24,SPY,0.005847132906885655,0.010624568
2026-02-25,AAPL,-0.03082974193737531,0.010624568
2026-02-25,AMZN,0.0008151043869166763,0.014273166
2026-02-25,GOOGL,-0.023544650811336387,0.009530471
2026-02-25,MSFT,0.03838038921303566,0.023092173
2026-02-25,SPY,-0.010212987650163763,0.010624568
2026-02-26,AAPL,-0.04270151869093741,0.003099792
2026-02-26,AMZN,0.029339194609179442,-0.0022627348
2026-02-26,GOOGL,-0.031224013721389943,-0.009309954
2026-02-26,MSFT,0.011482773091954002,0.0048833443
2026-02-26,SPY,-0.011570448536573519,0.002259515
2026-02-27,AAPL,-0.04638213334023289,-0.019186022
2026-02-27,AMZN,0.053001175305449566,0.013132921
2026-02-27,GOOGL,-0.021146353155251707,0.0111713605
2026-02-27,MSFT,0.02230403516924717,-0.01396763
2026-02-27,SPY,-0.011591367508973383,0.0019200724
2026-03-02,AAPL,-0.02543723815211918,0.0046183383
2026-03-02,AMZN,0.015285746256510357,-0.0030382965
2026-03-02,GOOGL,-0.04246862917144012,-0.010504662
2026-03-02,MSFT,0.04129956560340231,0.015053256
2026-03-02,SPY,-0.019839895841150423,0.0024298984
2026-03-03,AAPL,-0.018283401617666395,0.0034164244
2026-03-03,AMZN,0.024473372611223843,0.00279216
2026-03-03,GOOGL,0.00018153741554916003,-0.0030382965
2026-03-03,MSFT,0.027248824978258535,0.011533623
2026-03-03,SPY,-0.011815625747572556,-0.0030382965
2026-03-04,AAPL,-0.011071191984852513,0.002656923
2026-03-04,AMZN,0.026828947530978864,0.025498169
2026-03-04,GOOGL,0.012109381015799281,0.0036445786
2026-03-04,MSFT,0.004530575802665471,0.004369491
2026-03-04,SPY,-0.004630215452300135,0.010355546
2026-03-05,AAPL,-0.0065138522715507685,-0.0010767358
2026-03-05,AMZN,-0.019232604403978337,0.012547755
2026-03-05,GOOGL,0.019091835405701696,-0.00030124412
2026-03-05,MSFT,-0.0007897260587260702,0.013331785
2026-03-05,SPY,-0.012844185085731818,0.0016514051
2026-03-06,AAPL,-0.017403710528637095,-0.0012808826
2026-03-06,AMZN,-0.042979828067864045,-0.014657726
2026-03-06,GOOGL,0.00958399093274509,-0.0032188222
2026-03-06,MSFT,-0.02147656574529888,0.0031749248
2026-03-06,SPY,-0.022383419539795057,-0.00634065
2026-03-09,AAPL,-0.02850920628587561,0.010016459
2026-03-09,AMZN,-0.025983811127386125,0.0024298984
2026-03-09,GOOGL,0.013308272223676365,0.019590637
2026-03-09,MSFT,-0.03279047855721284,0.0036453784
2026-03-09,SPY,-0.015006424506572524,0.008410743
2026-03-10,AAPL,-0.027166329160205338,0.0047788983
2026-03-10,AMZN,-0.008197105039917107,0.007204011
2026-03-10,GOOGL,-0.0026112322857471115,0.0037783019
2026-03-10,MSFT,-0.023106396396443407,-0.0017403837
2026-03-10,SPY,-0.013622902484812793,0.0033216993
2026-03-11,AAPL,-0.025303833302155354,0.004283537
2026-03-11,AMZN,0.00405913829027682,-0.001404895
2026-03-11,GOOGL,0.012636795267984446,0.007980517
2026-03-11,MSFT,-0.015649712008004246,0.0045209937
2026-03-11,SPY,-0.009436252312489457,0.003661362
2026-03-12,AAPL,-0.04167771949749832,-0.010522424
2026-03-12,AMZN,-0.013073119487838403,-0.010665265
2026-03-12,GOOGL,-0.0032718911148821306,-0.00999125
2026-03-12,MSFT,-0.03233055871030066,-0.00031093103
2026-03-12,SPY,-0.022030743716327295,-0.009756961
2026-03-13,AAPL,-0.026587311169002814,-0.010344804
2026-03-13,AMZN,-0.0036749118357605193,-0.0021832504
2026-03-13,GOOGL,0.011793833647795626,0.0034352804
2026-03-13,MSFT,-0.03195144116424675,-0.0086984625
2026-03-13,SPY,-0.009398491392017316,0.00085136935
2026-03-16,AAPL,-0.008515911589946579,0.014851992
2026-03-16,AMZN,-0.011075278432307156,0.019892463
2026-03-16,GOOGL,-0.004234484450154619,0.014851992
2026-03-16,MSFT,-0.03458472153816061,0.015711604
2026-03-16,SPY,-0.018041526278677056,0.012804764
2026-03-17,AAPL,-0.0052606830870743915,0.00869654
2026-03-17,AMZN,-0.007556465769371523,0.015673267
2026-03-17,GOOGL,-0.01145432525470913,0.015343157
2026-03-17,MSFT,-0.04238027938315403,0.004181333
2026-03-17,SPY,-0.0177274263067706,0.0037783019
2026-03-18,AAPL,-0.010187633289695186,-0.010257724
2026-03-18,AMZN,-0.03698880840129659,-0.011084716
2026-03-18,GOOGL,-0.06586902857894861,-0.002524886
2026-03-18,MSFT,-0.06677350521429437,-0.010140526
2026-03-18,SPY,-0.023593215080031094,-0.0070922747
2026-03-19,AAPL,0.010722536248640724,0.0022476772
2026-03-19,AMZN,0.008767387618474398,0.00026867105
2026-03-19,GOOGL,-0.054470425700056335,0.00220018
2026-03-19,MSFT,-0.05296200462919687,-0.0006495463
2026-03-19,SPY,-0.00425777138132355,0.0035829141
2026-03-20,AAPL,0.015785625874828124,0.0034164244
2026-03-20,AMZN,-0.00584403742481987,-0.010023435
2026-03-20,GOOGL,-0.08533839834210033,-0.0102559505
2026-03-20,MSFT,-0.05925137365931077,-0.010140526
2026-03-20,SPY,-0.01962453521192531,-0.006893413
2026-03-23,AAPL,0.0032662856143945707,0.012538291
2026-03-23,AMZN,-0.02936163472106068,0.02045079
2026-03-23,GOOGL,-0.08857139089079336,0.003938864
2026-03-23,MSFT,-0.06572923288210786,0.0043714615
2026-03-23,SPY,-0.022326067713281716,0.012538291
2026-03-24,AAPL,-0.019324848961746022,0.0028532317
2026-03-24,AMZN,-0.04373276134052817,-0.010665265
2026-03-24,GOOGL,-0.09455080542911776,-0.027222669
2026-03-24,MSFT,-0.06276768201538607,-0.010361181
2026-03-24,SPY,-0.03571974782061971,0.0026202898
2026-03-25,AAPL,0.008543927655407124,0.0065800985
2026-03-25,AMZN,0.004970076973535242,0.02191919
2026-03-25,GOOGL,-0.009916041254247387,0.0037968296
2026-03-25,MSFT,-0.0068948246927788,0.0040284414
2026-03-25,SPY,-0.004347959688227876,0.0074937837
2026-03-26,AAPL,0.011915132154906471,0.002875699
2026-03-26,AMZN,-0.005384721333409281,-0.010522424
2026-03-26,GOOGL,0.022204768657643204,-0.023819856
2026-03-26,MSFT,-0.004500920419886145,-0.00562453
2026-03-26,SPY,-0.002405511023892304,-0.010257724
2026-03-27,AAPL,0.011981472781831704,-0.009415326
2026-03-27,AMZN,0.010744969926127279,-0.024655098
2026-03-27,GOOGL,0.05286198711869905,-0.014924199
2026-03-27,MSFT,0.02046608326728583,-0.014542301
2026-03-27,SPY,0.01664883955562102,-0.010257724
2026-03-30,AAPL,0.04043391650601902,-0.0021832504
2026-03-30,AMZN,0.06747264570750677,0.009421828
2026-03-30,GOOGL,0.09349706657471257,0.0034006208
2026-03-30,MSFT,0.04515517849279216,0.008353439
2026-03-30,SPY,0.03917427080161762,0.0034006208
2026-03-31,AAPL,0.027855474323076335,0.022490457
2026-03-31,AMZN,0.0637970018358387,0.024557078
2026-03-31,GOOGL,0.1168555644055429,0.026205888
2026-03-31,MSFT,0.03713510630502892,0.024203133
2026-03-31,SPY,0.043119062627389626,0.022909008
2026-04-01,AAPL,0.020134734289833256,0.010624568
2026-04-01,AMZN,0.06232292438309317,0.013413356
2026-04-01,GOOGL,0.10349149492399001,0.025031885
2026-04-01,MSFT,0.011238056776229577,0.004426743
2026-04-01,SPY,0.03947170206866124,0.0093528135
2026-04-02,AAPL,0.019011758807744084,0.004391455
2026-04-02,AMZN,0.1096071889133241,0.0022154255
2026-04-02,GOOGL,0.0709504891591679,0.00026867105
2026-04-02,MSFT,0.010017091486399732,0.013992558
2026-04-02,SPY,0.037650265701868246,0.0024298984
2026-04-06,AAPL,0.01781807964785287,0.012469276
2026-04-06,AMZN,0.13638747212490565,0.01374103
2026-04-06,GOOGL,0.07259018836040321,0.01374103
2026-04-06,MSFT,-0.0069350899006631606,0.0056294817
2026-04-06,SPY,0.03603067056259723,0.008299506
2026-04-07,AAPL,0.0013136553905046533,-0.0104071
2026-04-07,AMZN,0.1273556415177619,0.0076913796
2026-04-07,GOOGL,0.07106906574822713,0.018093158
2026-04-07,MSFT,0.03081423459815258,0.0050213737
2026-04-07,SPY,0.04123347629791829,0.004391455
2026-04-08,AAPL,0.02102554296875958,0.022498019
2026-04-08,AMZN,0.16489684846089125,0.022831226
2026-04-08,GOOGL,0.08986450322882189,0.02329751
2026-04-08,MSFT,0.055924117588393774,0.008353439
2026-04-08,SPY,0.05345725656568434,0.022706851
2026-04-09,AAPL,0.029084650190434713,0.008905371
2026-04-09,AMZN,0.12316384180790951,0.028961388
2026-04-09,GOOGL,0.062397568837157635,0.0051883003
2026-04-09,MSFT,0.09854940579446803,0.004854885
2026-04-09,SPY,0.035398823675095725,0.008905371
2026-04-10,AAPL,0.011171253431418116,0.0036906647
2026-04-10,AMZN,0.0686925036209014,0.021262864
2026-04-10,GOOGL,0.055040963370261764,0.002923396
2026-04-10,MSFT,0.12649100229883747,0.0017110051
2026-04-10,SPY,0.03198959231465692,0.0035514184
2026-04-13,AAPL,0.03743091127865017,0.0035257945
2026-04-13,AMZN,0.05109485873938535,0.009131192
2026-04-13,GOOGL,0.07703947833862634,0.013949859
2026-04-13,MSFT,0.1399951708684617,0.026357805
2026-04-13,SPY,0.04515355152491529,0.012756585
2026-04-14,AAPL,0.053433480343312745,0.0033216993
2026-04-14,AMZN,0.03497436079451077,0.025706997
2026-04-14,GOOGL,0.05013855677995949,0.025344735
2026-04-14,MSFT,0.08767593351143876,0.022498019
2026-04-14,SPY,0.03296888730886072,0.013949859
2026-04-15,AAPL,0.02835854250155223,0.021959893
2026-04-15,AMZN,0.0035740076073353944,0.0034980946
2026-04-15,GOOGL,-0.0018623622226647818,0.013949859
2026-04-15,MSFT,0.07898556582134364,0.025706997
2026-04-15,SPY,0.013852482677457534,0.010833397
2026-04-16,AAPL,0.02529757909107988,-0.0021209226
2026-04-16,AMZN,0.027605636258960287,0.008508333
2026-04-16,GOOGL,0.006525905345160954,0.003155209
2026-04-16,MSFT,0.05276981883102705,0.022706851
2026-04-16,SPY,0.016101449606057416,0.005435276
2026-04-17,AAPL,0.03807902188036638,0.022128023
2026-04-17,AMZN,0.02154587484407422,0.004499009
2026-04-17,GOOGL,0.008541247695183607,0.015551985
2026-04-17,MSFT,-0.010731503339053816,0.007969107
2026-04-17,SPY,0.009677095549218029,0.014481994
2026-04-20,AAPL,0.0030713454264634787,0.013949859
2026-04-20,AMZN,0.05359990743390952,-0.0016555644
2026-04-20,GOOGL,0.007960597299947691,-0.0027451704
2026-04-20,MSFT,0.00432832886358403,-0.0027290317
2026-04-20,SPY,0.005351038518877305,0.003781777
2026-04-21,AAPL,-0.019923050938585596,-0.011084716
2026-04-21,AMZN,0.05171579024093842,0.008966266
2026-04-21,GOOGL,0.038290480009057104,-0.009148854
2026-04-21,MSFT,0.016145622976228236,0.014280007
2026-04-21,SPY,0.009100979724274927,-0.00063460204
2026-04-22,AAPL,0.017056685934657922,0.023117837
2026-04-22,AMZN,0.03917413629491362,0.022706851
2026-04-22,GOOGL,0.052634727561962746,0.022498019
2026-04-22,MSFT,0.012000141035617862,0.021595892
2026-04-22,SPY,0.01080835615837139,0.015060821
2026-04-23,AAPL,-0.010982296041874395,0.004880717
2026-04-23,AMZN,0.030075218970135653,0.0033216993
2026-04-23,GOOGL,0.03129784999389429,0.003930294
2026-04-23,MSFT,-0.01954177611947061,-0.027961629
2026-04-23,SPY,0.0005201968625916376,0.0036152862
2026-04-24,AAPL,-0.007606951547290852,-0.0021496266
2026-04-24,AMZN,0.03912496336795934,0.024878452
2026-04-24,GOOGL,0.13547160559370464,0.015551985
2026-04-24,MSFT,-0.019170135207435712,0.02138706
2026-04-24,SPY,0.014411675002865554,0.010833397
2026-04-27,AAPL,0.033498186554415055,-0.003457444
2026-04-27,AMZN,0.016174929691307627,-0.0025301685
2026-04-27,GOOGL,0.11988975190276929,0.015551985
2026-04-27,MSFT,-0.02397435528995273,0.004391455
2026-04-27,SPY,0.009398536196029816,0.0052083926
2026-04-28,AAPL,0.03445315049895359,0.013413356
2026-04-28,AMZN,0.04185812224328522,0.00026867105
2026-04-28,GOOGL,0.09393730789827481,0.0035829141
2026-04-28,MSFT,-0.026364147311056185,0.01374103
2026-04-28,SPY,0.003971084352194287,0.0029469668
2026-04-29,AAPL,0.04975808099156831,0.00220018
2026-04-29,AMZN,0.05333066975328604,0.012554095
2026-04-29,GOOGL,0.11049801265833059,0.0036754352
2026-04-29,MSFT,-0.04163070665213653,-0.0034229679
2026-04-29,SPY,0.016973756457879574,0.004999563
2026-04-30,AAPL,0.06418181859330407,0.006759138
2026-04-30,AMZN,0.04543028171097507,0.011228333
2026-04-30,GOOGL,0.13745213891566577,0.028961388
2026-04-30,MSFT,-0.02473728523209573,-0.024720298
2026-04-30,SPY,0.03126842176367561,0.013949859
2026-05-01,AAPL,0.059296006042526495,0.021505099
2026-05-01,AMZN,0.02305144467448339,0.013733293
2026-05-01,GOOGL,0.03427755477697714,0.004167584
2026-05-01,MSFT,0.03185538237206398,0.015875258
2026-05-01,SPY,0.017977960143794602,0.003987131
2026-05-04,AAPL,0.04704791682013276,-0.0021209226
2026-05-04,AMZN,0.016476488292153313,0.012841373
2026-05-04,GOOGL,0.039176466694841316,0.0007540765
2026-05-04,MSFT,0.0016407620976135462,0.0024471176
2026-05-04,SPY,0.023548182484361302,0.0033316049
2026-05-05,AAPL,0.058229447887721,0.022006877
2026-05-05,AMZN,-0.011247923895965739,0.007969107
2026-05-05,GOOGL,0.01406400002422159,0.014344796
2026-05-05,MSFT,-0.0023209492193554393,0.0011237164
2026-05-05,SPY,0.029651394830609856,0.010584719
2026-05-06,AAPL,0.03832639335793475,0.01334175
2026-05-06,AMZN,-0.0282580179627,0.00759596
2026-05-06,GOOGL,-0.0027803990982725457,0.022706851
2026-05-06,MSFT,-0.008775428562124987,0.007871862
2026-05-06,SPY,0.019909573878506448,0.014787038
2026-05-07,AAPL,0.040469378781829324,0.003998345
2026-05-07,AMZN,-0.017673317299369273,-0.006217695
2026-05-07,GOOGL,0.01150639242745144,0.0052083926
2026-05-07,MSFT,-0.021137283367780424,0.014406889
2026-05-07,SPY,0.011555784371410027,0.003155209
2026-05-08,AAPL,0.03842457845651848,0.021841692
2026-05-08,AMZN,-0.014566552389406962,0.008117716
2026-05-08,GOOGL,0.007738950037483816,0.010155129
2026-05-08,MSFT,-0.026950587923689096,-0.006825803
2026-05-08,SPY,0.022676936050775698,0.010833397
2026-05-11,AAPL,0.024500989536800022,0.0035829141
2026-05-11,AMZN,-0.03131868217958289,-0.010398791
2026-05-11,GOOGL,-0.010029885169212438,-0.020262752
2026-05-11,MSFT,0.016380817746429743,-3.6770423e-06
2026-05-11,SPY,0.0021013576114106147,0.0048564468
2026-05-12,AAPL,0.01763015751793362,0.010833397
2026-05-12,AMZN,-0.015353749331765032,-0.0018597103
2026-05-12,GOOGL,0.02135652076621719,0.0039952486
2026-05-12,MSFT,0.02636558009115797,-0.002387396
2026-05-12,SPY,-0.0008791906612107825,0.004161736
2026-05-13,AAPL,0.01414520287759169,0.01334175
2026-05-13,AMZN,-0.02437743889768451,0.014735048
2026-05-13,GOOGL,0.0008003085192493931,0.023987928
2026-05-13,MSFT,0.023665392653032136,-3.6770423e-06
2026-05-13,SPY,-0.006028302624256909,0.008905371
2026-05-14,AAPL,0.011309326287670896,0.004191017
2026-05-14,AMZN,-0.018953818623031693,-0.0027290317
2026-05-14,GOOGL,-0.03405195091427282,0.0020336853
2026-05-14,MSFT,0.03911549543463866,0.013331785
2026-05-14,SPY,-0.0014279408000574811,0.010833397
2026-05-15,AAPL,0.02273559468726072,0.009532533
2026-05-15,AMZN,0.00464033466323821,-0.0032424422
2026-05-15,GOOGL,-0.03343559139320773,-0.0032188222
2026-05-15,MSFT,0.025810760975011338,0.02312693
2026-05-15,SPY,-0.007284493648600954,-0.0027290317
2026-05-18,AAPL,0.028611337754057553,-0.0011846547
2026-05-18,AMZN,0.008253170874858773,0.0037783019
2026-05-18,GOOGL,-0.03480518513034492,0.003142172
2026-05-18,MSFT,-0.0057911963927615995,0.0052131684
2026-05-18,SPY,0.008753053328125482,0.004420735
2026-05-19,AAPL,0.03522024085008524,0.0044006426
2026-05-19,AMZN,0.0016235868652962893,-0.010949888
2026-05-19,GOOGL,-0.02030537959127554,-0.010476607
2026-05-19,MSFT,-0.01560407161319588,-0.005705811
2026-05-19,SPY,0.016164684385910455,-0.0012427128
2026-05-20,AAPL,0.03973649106521737,0.013540613
2026-05-20,AMZN,0.04823787283981407,0.02138706
2026-05-20,GOOGL,0.00301805555774326,0.004647618
2026-05-20,MSFT,-0.00923818646765806,0.010016459
2026-05-20,SPY,0.022801304561545166,0.01374103
2026-05-21,AAPL,0.033945410452368874,0.0102252895
2026-05-21,AMZN,0.03392321007921839,0.013132921
2026-05-21,GOOGL,0.0031369649147987566,0.0032792268
2026-05-21,MSFT,0.01627989155600429,0.0036670933
2026-05-21,SPY,0.018010088469552876,0.0046183383
2026-05-22,AAPL,0.023181176329204023,0.013371033
2026-05-22,AMZN,0.008120477027297124,-0.0019167793
2026-05-22,GOOGL,-0.01888255931741467,-0.002387396
2026-05-22,MSFT,0.074327696124175,0.0033216993
2026-05-22,SPY,0.01852653624668421,0.0063346876
2026-05-26,AAPL,-0.008127730895623908,0.0033216993
2026-05-26,AMZN,-0.01899968991977996,0.0040018996
2026-05-26,GOOGL,-0.017233749572425516,0.014515693
2026-05-26,MSFT,0.10022213955946269,0.00084939867
2026-05-26,SPY,0.017300532598057083,0.010369712
2026-05-27,AAPL,0.022281404280346084,0.01011737
2026-05-27,AMZN,-0.03305823532274077,0.02138706
2026-05-27,GOOGL,-0.06950727875536888,0.0029433093
2026-05-27,MSFT,0.0607648459329202,-0.0037822165
2026-05-27,SPY,0.011963900083050483,0.0052083926
2026-05-28,AAPL,-0.0018980744718858356,0.008721248
2026-05-28,AMZN,-0.0803016418647502,0.010624568
2026-05-28,GOOGL,-0.07674301992959554,0.004817201
2026-05-28,MSFT,0.03554894330291636,0.02412975
2026-05-28,SPY,0.0050368796590853915,0.008905371
2026-05-29,AAPL,-0.004095878768165528,0.0032521172
2026-05-29,AMZN,-0.07375914859075616,-0.0055116136
2026-05-29,GOOGL,-0.04598467034158715,-0.014924199
2026-05-29,MSFT,0.002482488074279976,0.026414717
2026-05-29,SPY,0.003299815911921078,0.0048564468
2026-06-01,AAPL,-0.015125326778881565,-0.0102559505
2026-06-01,AMZN,-0.09093265791131844,-0.023819856
2026-06-01,GOOGL,-0.03105116028280086,-0.0028629792
2026-06-01,MSFT,-0.07456018464545,0.020659618
2026-06-01,SPY,-0.02502378194384225,0.005435276
2026-06-02,AAPL,-0.015572392209137309,0.022006877
2026-06-02,AMZN,-0.06139480955891885,-0.013830735
2026-06-02,GOOGL,-0.034123319646295,-0.028228102
2026-06-02,MSFT,-0.10592373825894608,-0.028621214
2026-06-02,SPY,-0.025470023194608893,0.004799147
2026-06-03,AAPL,-0.0782043909952097,-0.009756961
2026-06-03,AMZN,-0.04806637728184393,-0.01135119
2026-06-03,GOOGL,0.007261504893281812,-0.0021832504
2026-06-03,MSFT,-0.08588066009416051,-0.018053371
2026-06-03,SPY,-0.02964838682468296,-0.0010438482
2026-06-04,AAPL,-0.06020758942920834,0.0044665756
2026-06-04,AMZN,-0.04807617017461552,0.014588556
2026-06-04,GOOGL,-0.006677405816527315,0.024387209
2026-06-04,MSFT,-0.07015493808967854,0.0037968296
2026-06-04,SPY,-0.03819738150666163,0.0051783333
2026-06-05,AAPL,-0.05012376838848476,-0.0023359244
2026-06-05,AMZN,-0.04838645771762917,-0.016785702
2026-06-05,GOOGL,-0.03816955162027069,-0.0032188222
2026-06-05,MSFT,-0.08809716745820118,-0.010743079
2026-06-05,SPY,-0.025531977146670326,-0.011084716
2026-06-08,AAPL,-0.05274283387623757,-0.009914317
2026-06-08,AMZN,-0.03040277919217904,0.0028887358
2026-06-08,GOOGL,-0.023431362004881495,-0.006093678
2026-06-08,MSFT,-0.06223155580610695,-0.0029955048
2026-06-08,SPY,0.005694531006802395,0.0042901793
2026-06-09,AAPL,-0.016979545597506696,-0.020724187
2026-06-09,AMZN,0.00326238907012244,0.0031688076
2026-06-09,GOOGL,0.01662494449783991,0.004632298
2026-06-09,MSFT,-0.029095984730389324,-0.010522424
2026-06-09,SPY,0.021116933098614066,0.005223966
2026-06-10,AAPL,0.029908842414085646,0.004808178
2026-06-10,AMZN,0.007412250872261383,-0.011152326
2026-06-10,GOOGL,0.024680146031291095,-0.010952913
2026-06-10,MSFT,-0.023747594266075422,-0.010665265
2026-06-10,SPY,0.018017821304916914,-0.010023435
2026-06-11,AAPL,0.014987335354369247,0.014851992
2026-06-11,AMZN,-0.0021008403361341133,0.01419362
2026-06-11,GOOGL,0.02079242258427505,0.008145119
2026-06-11,MSFT,-0.046431403185022924,-0.009259128
2026-06-11,SPY,0.02140801815012572,0.015343157
2026-06-12,AAPL,0.008050641522097335,-0.009415326
2026-06-12,AMZN,0.011924992539930068,-0.0004928381
2026-06-12,GOOGL,0.028677670236988417,0.0074860584
2026-06-12,MSFT,-0.028026854906091136,0.004999563
2026-06-12,SPY,0.01477953617995409,0.00869654
2026-06-15,AAPL,0.020197181396309327,0.018093158
2026-06-15,AMZN,-0.02414592199512644,0.021206189
2026-06-15,GOOGL,-0.027802491669349227,0.021203898
2026-06-15,MSFT,-0.059886355329149876,0.022498019
2026-06-15,SPY,0.0061445663461701105,0.016969169
2026-06-16,AAPL,-0.007152086082639508,0.010016459
2026-06-16,AMZN,-0.048410712361907304,0.0037968296
2026-06-16,GOOGL,-0.06286720139973512,0.01374103
2026-06-16,MSFT,-0.06458876999567009,-0.0077272896
2026-06-16,SPY,-0.02564830719113409,0.0011178416
2026-06-17,AAPL,-0.0205855907397402,-0.002387396
2026-06-17,AMZN,-0.04768290946154086,-0.020246852
2026-06-17,GOOGL,-0.07490955513751663,-0.014924199
2026-06-17,MSFT,-0.07203614779084844,-0.027222669
2026-06-17,SPY,-0.020259149173474822,-0.0023359244
2026-06-18,AAPL,-0.07028213397145078,0.010750483
2026-06-18,AMZN,-0.04416844418174337,0.02327127
2026-06-18,GOOGL,-0.05519672508368012,0.014340107
2026-06-18,MSFT,-0.06882905396475225,0.004391455
2026-06-18,SPY,-0.0064352935172034,0.014273166
2026-06-22,AAPL,-0.047750092064213434,0.0024794901
2026-06-22,AMZN,-0.04787428690806628,-0.02884228
2026-06-22,GOOGL,-0.08325403970461065,-0.027568655
2026-06-22,MSFT,-0.016947793303169312,-0.019961363
2026-06-22,SPY,-0.02376998718714518,0.003155209
2026-06-23,AAPL,-0.05141248933827691,-0.0021832504
2026-06-23,AMZN,0.03157354832894965,0.0073215626
2026-06-23,GOOGL,0.011353240974195877,-0.0032188222
2026-06-23,MSFT,0.003348426521996961,0.016831966
2026-06-23,SPY,-0.004554083990552349,-0.010398791
2026-06-24,AAPL,-0.016785548822913055,0.002656923
2026-06-24,AMZN,0.018068411073900892,0.0032849447
2026-06-24,GOOGL,0.0324733194921385,0.0035671105
2026-06-24,MSFT,-0.0024603236394281636,-0.01135119
2026-06-24,SPY,0.017980318621180214,0.0035514184
2026-06-25,AAPL,0.0044357856378427485,-0.02884228
2026-06-25,AMZN,0.03171551005368989,-0.019961363
2026-06-25,GOOGL,0.04610612098868483,0.0018018745
2026-06-25,MSFT,0.05149676507484968,-0.020246852
2026-06-25,SPY,0.017074927306198973,0.0053944997
2026-06-26,AAPL,0.12167905184814187,0.022594798
2026-06-26,AMZN,0.06898376301065334,0.021749321
2026-06-26,GOOGL,0.04713279395355774,-0.010182762
2026-06-26,MSFT,0.10673696991566795,0.02875256
2026-06-26,SPY,0.014272152632611723,-0.0003733886
2026-06-29,AAPL,0.1017690447309143,-0.00038919205
2026-06-29,AMZN,0.04929305556903496,0.021206189
2026-06-29,GOOGL,0.08616134308815204,0.026205888
2026-06-29,MSFT,0.036919829928958814,-0.0016991184
2026-06-29,SPY,0.03057660511268967,0.016454097
2026-06-30,AAPL,0.10264783527413712,0.021388803
2026-06-30,AMZN,0.024319131976071606,-0.0056181615
2026-06-30,GOOGL,0.03783403114303141,0.01374103
2026-06-30,MSFT,0.05499630629423691,0.014851992
2026-06-30,SPY,0.009055360286985392,0.010624568
2026-07-01,AAPL,0.08304539214222961,0.016454097
2026-07-01,AMZN,0.02215322170187295,0.014361643
2026-07-01,GOOGL,0.01273195392090698,0.01374103
2026-07-01,MSFT,0.027666097335713014,0.02312693
2026-07-01,SPY,-0.0018345609509704541,0.0036445786
2026-07-02,AAPL,0.07418977432088147,0.025094928
2026-07-02,AMZN,0.022093489471719296,0.006316268
2026-07-02,GOOGL,-0.006422792451822756,0.0034164244
2026-07-02,MSFT,0.0002081465923797765,0.015343157
2026-07-02,SPY,0.00797845436751321,0.0034980946
2026-07-06,AAPL,0.021676538697268155,0.01334175
2026-07-06,AMZN,0.01100258865575321,0.008117716
2026-07-06,GOOGL,-0.00758526008877225,0.01698219
2026-07-06,MSFT,-0.013803130081834536,-0.0026824535
2026-07-06,SPY,0.013655015588639463,0.011223645
2026-07-07,AAPL,0.014872296599932833,0.0009262967
2026-07-07,AMZN,0.012901350955267787,0.011365532
2026-07-07,GOOGL,-0.03806686136203552,0.004063296
2026-07-07,MSFT,0.01098929541117366,0.0074937837
2026-07-07,SPY,-0.0028086017256356843,0.0032630588
2026-07-08,AAPL,0.013519602671730802,0.010833397
2026-07-08,AMZN,0.006138750271780458,-0.0010767358
2026-07-08,GOOGL,-0.020488758517512418,-0.0066494066
2026-07-08,MSFT,-0.010055559353291943,-0.008083112
2026-07-08,SPY,0.00551015098917329,0.0039952486
2026-07-09,AAPL,0.04502376389028995,0.008619572
2026-07-09,AMZN,0.04654795100551912,0.011742451
2026-07-09,GOOGL,0.024867373082690936,-0.0030382965
2026-07-09,MSFT,0.03206033459156421,0.0026567813
2026-07-09,SPY,0.012624058004194305,0.010624568
2026-07-10,AAPL,0.0538865762938705,0.0034164244
2026-07-10,AMZN,0.011536618284370803,-0.00012271859
2026-07-10,GOOGL,-0.012343679156687881,0.003763439
2026-07-10,MSFT,0.04355297478909392,0.0042901793
2026-07-10,SPY,-0.0013170654116505531,0.00823974
2026-07-13,AAPL,0.058416702160109635,0.0074572014
2026-07-13,AMZN,0.007703592638215406,0.009845323
2026-07-13,GOOGL,-0.029144979773709667,-0.0030116446
2026-07-13,MSFT,0.02264347203972572,0.01562665
2026-07-13,SPY,-0.015444776463544141,-0.002524886
2026-07-14,AAPL,0.029245848403459895,-0.0030382965
2026-07-14,AMZN,0.01083663402623003,0.0046002846
2026-07-14,GOOGL,-0.0014751908225124621,0.019598467
2026-07-14,MSFT,0.02890104246344838,-0.010450899
2026-07-14,SPY,-0.009450400064329179,0.004808178
2026-07-15,AAPL,0.04090705462571309,0.025706997
2026-07-15,AMZN,0.00024242416769193476,0.023552325
2026-07-15,GOOGL,-0.034380171715381436,0.02198669
2026-07-15,MSFT,0.03330477637012019,0.023117837
2026-07-15,SPY,-0.0047217957680246725,0.00823974
2026-07-16,AAPL,-0.004916028532383043,0.015551985
2026-07-16,AMZN,-0.039653280295437354,-0.009647845
2026-07-16,GOOGL,-0.07772569838823373,-0.024423072
2026-07-16,MSFT,-0.013371100471736841,0.014844256
2026-07-16,SPY,-0.009803824059031685,0.001320608
2026-07-17,AAPL,-0.03480763283973931,0.0046002846
2026-07-17,AMZN,-0.06494856043531372,-0.0032188222
2026-07-17,GOOGL,-0.10373523077380031,-0.0111998515
2026-07-17,MSFT,-0.0486662159915604,-0.011248584
2026-07-17,SPY,-0.016703935577468187,-0.006097898
2026-07-20,AAPL,-0.0021573105114067737,-0.009647845
2026-07-20,AMZN,-0.06115760780844148,0.012981161
2026-07-20,GOOGL,-0.0779479183195152,0.01299088
2026-07-20,MSFT,-0.0307754682133492,0.021350041
2026-07-20,SPY,-0.005865793271064401,0.0033216993
2026-07-21,AAPL,0.03159931387286341,0.0028173418
2026-07-21,AMZN,-0.074402998899187,-0.002524886
2026-07-21,GOOGL,-0.07224635183190442,-0.006893413
2026-07-21,MSFT,-0.03278729812135839,-0.0027290317
2026-07-21,SPY,-0.004042636191611715,0.011223645
2026-07-22,AAPL,0.0376517339491691,0.0014575045
2026-07-22,AMZN,-0.06742073211736821,-0.0019445297
2026-07-22,GOOGL,-0.038715260485972736,-0.0064841677
2026-07-22,MSFT,-0.011062209670607892,-0.009647845
2026-07-22,SPY,-0.009916132537019395,0.0029124536
2026-07-23,AAPL,0.03774278644240514,-0.0036379697
2026-07-23,AMZN,-0.07433127120011929,-0.02884228
2026-07-23,GOOGL,-0.015726869947692013,-0.02884228
2026-07-23,MSFT,0.0005124051055691581,-0.010344804
2026-07-23,SPY,-0.024016205050563344,-0.00634065
2026-07-24,AAPL,0.036591333095877365,0.023920925
2026-07-24,AMZN,0.007874673923875308,-0.0009010751
2026-07-24,GOOGL,0.05026913374036246,0.007815827
2026-07-24,MSFT,0.18218989983135292,0.0037968296
2026-07-24,SPY,0.0047549510965498865,0.0035514184
2026-07-27,AAPL,-0.07239799042391659,0.013233834
2026-07-27,AMZN,0.17004862288623745,0.0034006208
2026-07-27,GOOGL,0.11381127090722387,0.020184318
2026-07-27,MSFT,0.21750061922618524,0.018956196
2026-07-27,SPY,0.010961845778870272,0.004063296
2026-07-28,AAPL,-0.09940333737249041,0.011365532
2026-07-28,AMZN,0.22745144458640754,0.0053019794
2026-07-28,GOOGL,0.1437714740263225,0.021749321
2026-07-28,MSFT,0.253276757252866,0.012804764
2026-07-28,SPY,0.025138961939098925,0.0052264463
2026-07-29,AAPL,-0.09027281680898869,0.0013901903
2026-07-29,AMZN,0.20168072725585473,-0.010140526
2026-07-29,GOOGL,0.13167122221847283,0.009249606
2026-07-29,MSFT,0.25285366699321665,-0.00063460204
2026-07-29,SPY,0.04112792206454796,-0.009148854
2026-07-30,AAPL,-0.08039857441944342,-0.007339212
2026-07-30,AMZN,0.2029561051786708,0.02441988
2026-07-30,GOOGL,0.07638621327972817,-0.0016555644
2026-07-30,MSFT,0.24816915242886828,0.028961388
2026-07-30,SPY,0.055287411016198496,0.016454097
2026-07-31,AAPL,-0.06304164396767842,-0.02515395
2026-07-31,AMZN,0.15609345972664568,0.028961388
2026-07-31,GOOGL,0.07219923297215458,0.02875256
2026-07-31,MSFT,0.10809128483331865,0.022394381
2026-07-31,SPY,0.036228067020911636,0.010624568
2026-08-03,AAPL,0.014308299058667373,-0.009649617
2026-08-03,AMZN,0.01067834360942821,0.025128169
2026-08-03,GOOGL,-0.005138620910209335,0.026414717
2026-08-03,MSFT,0.07589513883849741,0.026414717
2026-08-03,SPY,0.035112350829374694,0.013949859
2026-08-04,AAPL,0.016827630638520663,0.01979733
2026-08-04,AMZN,-0.020878786371249958,-0.015317311
2026-08-04,GOOGL,-0.042810153232538006,0.011742451
2026-08-04,MSFT,0.037752494396662284,0.0109023405
2026-08-04,SPY,0.020272739758967262,0.016645862
2026-08-05,AAPL,-0.013598244569962725,0.00851242
2026-08-05,AMZN,-0.018563997421923606,-0.008871258
2026-08-05,GOOGL,-0.08963327591842629,-0.023268638
2026-08-05,MSFT,0.022320975740132143,-0.0016090409
2026-08-05,SPY,-0.0009983010050033103,0.003559799
2026-08-06,AAPL,-0.02729691328882433,0.007436745
2026-08-06,AMZN,-0.01969556294663366,0.0033216993
2026-08-06,GOOGL,-0.0521203667262653,-0.0038700907
2026-08-06,MSFT,0.010195711048752276,0.021595892
2026-08-06,SPY,0.0035074660415175263,0.0033216993
2026-08-07,AAPL,-0.022043892247241348,0.004039509
2026-08-07,AMZN,-0.026188219448571637,0.009176417
2026-08-07,GOOGL,-0.03183791655747725,-0.002791359
2026-08-07,MSFT,-0.0059616303686603755,0.0037602473
2026-08-07,SPY,0.012126583941168834,0.008905371
2026-08-10,AAPL,-0.02277520263980104,-0.010270373
2026-08-10,AMZN,-0.04309973993127314,0.01374103
2026-08-10,GOOGL,-0.02370870501241118,0.010624568
2026-08-10,MSFT,-0.00918017645861069,0.013013593
2026-08-10,SPY,0.00398315838262131,0.0037278137
2026-08-11,AAPL,-0.008661562781901111,-0.002387396
2026-08-11,AMZN,-0.0603401740453422,-0.009647845
2026-08-11,GOOGL,-0.03781603666684741,-0.024655098
2026-08-11,MSFT,-0.05080423582008431,0.003763439
2026-08-11,SPY,-0.0004657598968645926,0.003155209
2026-08-12,AAPL,0.016791823999521283,-0.0021832504
2026-08-12,AMZN,-0.04708553026017459,-0.009914317
2026-08-12,GOOGL,0.0011635381857644234,0.0044054147
2026-08-12,MSFT,-0.044024518733774554,-0.010686439
2026-08-12,SPY,-0.004036006750176457,0.0037783019
2026-08-13,AAPL,0.04823816897358335,0.014851992
2026-08-13,AMZN,-0.005387617659319499,-0.0021832504
2026-08-13,GOOGL,0.003434804233658495,0.011156703
2026-08-13,MSFT,-0.016489643681256827,0.00951608
2026-08-13,SPY,-0.004440177502805787,0.010564375
